Map, FZ_I02_floor01_AAA, 0.0, 0, -0.0, 0, 0.0, 0, 1.0, -0.01, 0.01, 0.01
Object, OZ_40_be_trmid01A, -6.0, 6.516510000000001e-08, 0.0, 0.0, 0.0, 0.0, 1.0, -0.01, 0.01, 0.01
Object, OZ_40_be_trwin01A, 0.00121826, 0.0, 0.0, 0.0, 0.0, 0.0, 1.0, -0.01, 0.01, 0.01
Object, OZ_40_be_pipe01A, -6.0, 7.62939e-08, 0.0, 0.0, 0.0, 0.0, 1.0, -0.01, 0.01, 0.01
Object, OZ_40_ks_obj02A, -6.0, 0.0, 0.0, 0.0, 0.0, 0.0, 1.0, -0.01, 0.01, 0.01
Object, OZ_40_ks_poster02A, -4.9974, 2.54316, -1.53905, 0.0, 0.0, 0.0, 1.0, -0.01, 0.01, 0.01
Object, OZ_40_ks_poster03A, -10.1788, 1.59, -1.7694900000000002, 0.0, 0.0, 0.0, 1.0, -0.01, 0.01, 0.01
Object, OZ_40_ks_poster01C, -10.671, 2.5613400000000004, -0.00621645, 0.0, 0.0, 0.0, 1.0, -0.01, 0.01, 0.01
Object, OZ_40_ks_poster01D, -6.332590000000001, 2.5613400000000004, -0.00621645, 0.0, 0.0, 0.0, 1.0, -0.01, 0.01, 0.01
Object, OZ_40_ks_poster02B, -6.99271, 2.54316, -1.53905, 0.0, 0.0, 0.0, 1.0, -0.01, 0.01, 0.01
Object, OZ_40_ks_poster03D, -7.830019999999999, 1.59, -1.7628800000000002, 0.0, 0.0, 0.0, 1.0, -0.01, 0.01, 0.01
Object, OZ_40_ks_poster03C, -4.19571, 1.59, -1.76353, 0.0390645, -0.0126391, 0.000494158, 0.999157, -0.01, 0.01, 0.01
Object, OZ_40_ks_poster01B, -8.45927, 2.5613400000000004, -0.00621645, 0.0, 0.0, 0.0, 1.0, -0.01, 0.01, 0.01
Object, OZ_40_ks_poster01A, -5.0, 2.5613400000000004, -0.00621645, 0.0, 0.0, 0.0, 1.0, -0.01, 0.01, 0.01
Object, OZ_40_ks_poster02C, -10.989, 2.54316, -1.53905, 0.0, 0.0, 0.0, 1.0, -0.01, 0.01, 0.01
Object, OZ_40_ks_chair01B, -11.0395, 0.0, 0.0, 0.0, 0.0, 0.0, 1.0, -0.01, 0.01, 0.01
Object, OZ_40_ks_chair01A, -6.0, 7.62939e-08, 0.0, 0.0, 0.0, 0.0, 1.0, -0.01, 0.01, 0.01
Object, OZ_40_ks_obj02B, -11.003699999999998, 0.0, 0.0, 0.0, 0.0, 0.0, 1.0, -0.01, 0.01, 0.01
Object, OZ_40_be_pipe01B, -11.0, 0.0, 0.0, 0.0, 0.0, 0.0, 1.0, -0.01, 0.01, 0.01
Object, OZ_40_be_pipe01C, -3.0, 0.0, 0.0, 0.0, 0.0, 0.0, 1.0, -0.01, 0.01, 0.01
Object, OZ_40_ks_obj01A, -7.6053, 2.15274, 0.754804, 0.0, 0.0, 0.0, 1.0, -0.01, 0.01, 0.01
Object, OZ_40_ks_chair01A, -6.0, 7.62939e-08, 0.0, 0.0, 1.0, 0.0, 0.0, -0.01, 0.01, 0.01
Object, OZ_40_ks_chair01A, 4.88281e-06, 7.62939e-08, 0.0, 0.0, 1.0, 0.0, 0.0, -0.01, 0.01, 0.01
Object, OZ_40_ks_chair01A, 6.0, 7.62939e-08, 0.0, 0.0, 1.0, 0.0, 0.0, -0.01, 0.01, 0.01
Object, OZ_40_ks_chair01A, 6.0, 7.62939e-08, 0.0, 0.0, 0.0, 0.0, 1.0, -0.01, 0.01, 0.01
Object, OZ_40_be_pipe01A, 4.88281e-06, 7.62939e-08, 0.0, 0.0, 0.0, 0.0, 1.0, -0.01, 0.01, 0.01
Object, OZ_40_be_pipe01A, 6.0, 7.62939e-08, 0.0, 0.0, 0.0, 0.0, 1.0, -0.01, 0.01, 0.01
Object, OZ_40_be_pipe01B, 11.0, 0.0, 0.0, 0.0, 1.0, 0.0, 0.0, -0.01, 0.01, 0.01
Object, OZ_40_ks_chair01B, 11.0373, 0.0, 0.0, 0.0, 1.0, 0.0, 0.0, -0.01, 0.01, 0.01
Object, OZ_40_ks_poster01A, 2.0, 2.5613400000000004, -0.00621645, 0.0, 0.0, 0.0, 1.0, -0.01, 0.01, 0.01
Object, OZ_40_ks_poster01D, 0.6674120000000001, 2.5613400000000004, -0.00621645, 0.0, 0.0, 0.0, 1.0, -0.01, 0.01, 0.01
Object, OZ_40_ks_poster01B, -1.4592699999999998, 2.5613400000000004, -0.00621645, 0.0, 0.0, 0.0, 1.0, -0.01, 0.01, 0.01
Object, OZ_40_ks_poster01C, -3.67104, 2.5613400000000004, -0.00621645, 0.0, 0.0, 0.0, 1.0, -0.01, 0.01, 0.01
Object, OZ_40_ks_poster01D, 6.66741, 2.5613400000000004, -0.00621645, 0.0, 0.0, 0.0, 1.0, -0.01, 0.01, 0.01
Object, OZ_40_ks_poster01B, 4.54073, 2.5613400000000004, -0.00621645, 0.0, 0.0, 0.0, 1.0, -0.01, 0.01, 0.01
Object, OZ_40_ks_poster01C, 10.0006, 2.5613400000000004, -0.00621645, 0.0, 0.0, 0.0, 1.0, -0.01, 0.01, 0.01
Object, OZ_40_ks_poster01A, 8.0, 2.5613400000000004, -0.00621645, 0.0, 0.0, 0.0, 1.0, -0.01, 0.01, 0.01
Object, OZ_40_ks_obj01B, -6.23598, 2.15165, 0.7550560000000001, 0.0, 0.0, 0.0, 1.0, -0.01, 0.01, 0.01
Object, OZ_40_ks_obj01A, -6.63703, 2.15274, 0.754804, 0.0, 0.0, 0.0, 1.0, -0.01, 0.01, 0.01
Object, OZ_40_ks_obj01B, -5.3476099999999995, 2.15165, 0.7550560000000001, 0.0, 0.0, 0.0, 1.0, -0.01, 0.01, 0.01
Object, OZ_40_ks_obj01A, -5.74866, 2.15274, 0.754804, 0.0, 0.0, 0.0, 1.0, -0.01, 0.01, 0.01
Object, OZ_40_ks_obj01B, -4.39374, 2.15165, 0.7550560000000001, 0.0, 0.0, 0.0, 1.0, -0.01, 0.01, 0.01
Object, OZ_40_ks_obj01A, -4.79478, 2.15274, 0.754804, 0.0, 0.0, 0.0, 1.0, -0.01, 0.01, 0.01
Object, OZ_40_ks_obj01A, -1.6636900000000001, 2.15274, 0.754804, 0.0, 0.0, 0.0, 1.0, -0.01, 0.01, 0.01
Object, OZ_40_ks_obj01B, -0.270906, 2.15165, 0.7550560000000001, 0.0, 0.0, 0.0, 1.0, -0.01, 0.01, 0.01
Object, OZ_40_ks_obj01A, -0.671955, 2.15274, 0.754804, 0.0, 0.0, 0.0, 1.0, -0.01, 0.01, 0.01
Object, OZ_40_ks_obj01B, 0.6751130000000001, 2.15165, 0.7550560000000001, 0.0, 0.0, 0.0, 1.0, -0.01, 0.01, 0.01
Object, OZ_40_ks_obj01A, 0.27406400000000003, 2.15274, 0.754804, 0.0, 0.0, 0.0, 1.0, -0.01, 0.01, 0.01
Object, OZ_40_ks_obj01B, 1.6160700000000001, 2.15165, 0.7550560000000001, 0.0, 0.0, 0.0, 1.0, -0.01, 0.01, 0.01
Object, OZ_40_ks_obj01B, 4.77069, 2.15165, 0.7550560000000001, 0.0, 0.0, 0.0, 1.0, -0.01, 0.01, 0.01
Object, OZ_40_ks_obj01A, 4.36964, 2.15274, 0.754804, 0.0, 0.0, 0.0, 1.0, -0.01, 0.01, 0.01
Object, OZ_40_ks_obj01A, 5.34362, 2.15274, 0.754804, 0.0, 0.0, 0.0, 1.0, -0.01, 0.01, 0.01
Object, OZ_40_ks_obj01B, 6.659210000000001, 2.15165, 0.7550560000000001, 0.0, 0.0, 0.0, 1.0, -0.01, 0.01, 0.01
Object, OZ_40_ks_obj01A, 6.25816, 2.15274, 0.754804, 0.0, 0.0, 0.0, 1.0, -0.01, 0.01, 0.01
Object, OZ_40_ks_obj01B, 7.56117, 2.15165, 0.7550560000000001, 0.0, 0.0, 0.0, 1.0, -0.01, 0.01, 0.01
Object, OZ_40_ks_obj01B, 10.763499999999999, 2.15165, 0.7550560000000001, 0.0, 0.0, 0.0, 1.0, -0.01, 0.01, 0.01
Object, OZ_40_ks_obj01A, 10.362400000000001, 2.15274, 0.754804, 0.0, 0.0, 0.0, 1.0, -0.01, 0.01, 0.01
Object, OZ_40_ks_obj01B, 11.6723, 2.15165, 0.7550560000000001, 0.0, 0.0, 0.0, 1.0, -0.01, 0.01, 0.01
Object, OZ_40_ks_obj01A, 11.271199999999999, 2.15274, 0.754804, 0.0, 0.0, 0.0, 1.0, -0.01, 0.01, 0.01
Object, OZ_40_ks_obj01B, -11.225, 2.15165, 0.7550560000000001, 0.0, 0.0, 0.0, 1.0, -0.01, 0.01, 0.01
Object, OZ_40_ks_obj01A, -11.6261, 2.15274, 0.754804, 0.0, 0.0, 0.0, 1.0, -0.01, 0.01, 0.01
Object, OZ_40_ks_obj01B, -10.3565, 2.15165, 0.7550560000000001, 0.0, 0.0, 0.0, 1.0, -0.01, 0.01, 0.01
Object, OZ_40_ks_obj01A, -10.7576, 2.15274, 0.754804, 0.0, 0.0, 0.0, 1.0, -0.01, 0.01, 0.01
Object, OZ_40_ks_obj01A, -7.6053, 2.15564, -0.7578239999999999, 0.0, 0.0, 0.0, 1.0, -0.01, 0.01, 0.01
Object, OZ_40_ks_obj01A, -6.63703, 2.15564, -0.7578239999999999, 0.0, 0.0, 0.0, 1.0, -0.01, 0.01, 0.01
Object, OZ_40_ks_obj01A, -5.74866, 2.15564, -0.7578239999999999, 0.0, 0.0, 0.0, 1.0, -0.01, 0.01, 0.01
Object, OZ_40_ks_obj01A, -4.79478, 2.15564, -0.7578239999999999, 0.0, 0.0, 0.0, 1.0, -0.01, 0.01, 0.01
Object, OZ_40_ks_obj01A, -1.6636900000000001, 2.15564, -0.7578239999999999, 0.0, 0.0, 0.0, 1.0, -0.01, 0.01, 0.01
Object, OZ_40_ks_obj01A, -0.671955, 2.15564, -0.7578239999999999, 0.0, 0.0, 0.0, 1.0, -0.01, 0.01, 0.01
Object, OZ_40_ks_obj01A, 0.27406400000000003, 2.15564, -0.7578239999999999, 0.0, 0.0, 0.0, 1.0, -0.01, 0.01, 0.01
Object, OZ_40_ks_obj01A, 1.21502, 2.15564, -0.7578239999999999, 0.0, 0.0, 0.0, 1.0, -0.01, 0.01, 0.01
Object, OZ_40_ks_obj01A, 4.36964, 2.15564, -0.7578239999999999, 0.0, 0.0, 0.0, 1.0, -0.01, 0.01, 0.01
Object, OZ_40_ks_obj01A, 5.34362, 2.15564, -0.7578239999999999, 0.0, 0.0, 0.0, 1.0, -0.01, 0.01, 0.01
Object, OZ_40_ks_obj01A, 6.25816, 2.15564, -0.7578239999999999, 0.0, 0.0, 0.0, 1.0, -0.01, 0.01, 0.01
Object, OZ_40_ks_obj01A, 10.362400000000001, 2.15564, -0.7578239999999999, 0.0, 0.0, 0.0, 1.0, -0.01, 0.01, 0.01
Object, OZ_40_ks_obj01A, 11.271199999999999, 2.15564, -0.7578239999999999, 0.0, 0.0, 0.0, 1.0, -0.01, 0.01, 0.01
Object, OZ_40_ks_obj01A, -11.6261, 2.15564, -0.7578239999999999, 0.0, 0.0, 0.0, 1.0, -0.01, 0.01, 0.01
Object, OZ_40_ks_obj01A, -10.7576, 2.15564, -0.7578239999999999, 0.0, 0.0, 0.0, 1.0, -0.01, 0.01, 0.01
Object, OZ_40_ks_obj01B, -7.20425, 2.15455, -0.757572, 0.0, 0.0, 0.0, 1.0, -0.01, 0.01, 0.01
Object, OZ_40_ks_obj01B, -6.23598, 2.15455, -0.757572, 0.0, 0.0, 0.0, 1.0, -0.01, 0.01, 0.01
Object, OZ_40_ks_obj01B, -5.3476099999999995, 2.15455, -0.757572, 0.0, 0.0, 0.0, 1.0, -0.01, 0.01, 0.01
Object, OZ_40_ks_obj01B, -4.39374, 2.15455, -0.757572, 0.0, 0.0, 0.0, 1.0, -0.01, 0.01, 0.01
Object, OZ_40_ks_obj01B, -1.26264, 2.15455, -0.757572, 0.0, 0.0, 0.0, 1.0, -0.01, 0.01, 0.01
Object, OZ_40_ks_obj01B, -0.270906, 2.15455, -0.757572, 0.0, 0.0, 0.0, 1.0, -0.01, 0.01, 0.01
Object, OZ_40_ks_obj01B, 0.6751130000000001, 2.15455, -0.757572, 0.0, 0.0, 0.0, 1.0, -0.01, 0.01, 0.01
Object, OZ_40_ks_obj01B, 1.6160700000000001, 2.15455, -0.757572, 0.0, 0.0, 0.0, 1.0, -0.01, 0.01, 0.01
Object, OZ_40_ks_obj01B, 5.74467, 2.15455, -0.757572, 0.0, 0.0, 0.0, 1.0, -0.01, 0.01, 0.01
Object, OZ_40_ks_obj01B, 6.659210000000001, 2.15455, -0.757572, 0.0, 0.0, 0.0, 1.0, -0.01, 0.01, 0.01
Object, OZ_40_ks_obj01B, 7.56117, 2.15455, -0.757572, 0.0, 0.0, 0.0, 1.0, -0.01, 0.01, 0.01
Object, OZ_40_ks_obj01B, 10.763499999999999, 2.15455, -0.757572, 0.0, 0.0, 0.0, 1.0, -0.01, 0.01, 0.01
Object, OZ_40_ks_obj01B, 11.6723, 2.15455, -0.757572, 0.0, 0.0, 0.0, 1.0, -0.01, 0.01, 0.01
Object, OZ_40_ks_obj01B, -11.225, 2.15455, -0.757572, 0.0, 0.0, 0.0, 1.0, -0.01, 0.01, 0.01
Object, OZ_40_ks_obj01B, -10.3565, 2.15455, -0.757572, 0.0, 0.0, 0.0, 1.0, -0.01, 0.01, 0.01
Object, OZ_40_ks_poster03D, -1.8243600000000002, 1.59, -1.7628800000000002, 0.0, 0.0, 0.0, 1.0, -0.01, 0.01, 0.01
Object, OZ_40_ks_poster03C, 1.8099500000000002, 1.59, -1.76353, 0.0390644, -0.0126391, 0.000494158, 0.999157, -0.01, 0.01, 0.01
Object, OZ_40_ks_poster03D, 4.18727, 1.59, -1.7628800000000002, 0.0, 0.0, 0.0, 1.0, -0.01, 0.01, 0.01
Object, OZ_40_ks_poster03C, 7.82158, 1.59, -1.76353, 0.0390644, -0.0126391, 0.000494158, 0.999157, -0.01, 0.01, 0.01
Object, OZ_40_ks_poster03A, 10.1795, 1.59, -1.7616399999999999, 0.0, 0.015538, 0.0, 0.999879, -0.01, 0.01, 0.01
Object, OZ_40_ks_poster03A, 10.171100000000001, 1.59, 1.7669800000000002, 0.0, 1.0, 0.0, 0.0, -0.01, 0.01, 0.01
Object, OZ_40_ks_poster03A, -10.1872, 1.59, 1.75914, 0.0, 0.999879, 0.0, -0.015538, -0.01, 0.01, 0.01
Object, OZ_40_ks_poster03C, 4.188070000000001, 1.59, 1.76103, 0.000494156, 0.999157, -0.0390644, 0.0126391, -0.01, 0.01, 0.01
Object, OZ_40_ks_poster03C, -1.8175899999999998, 1.59, 1.76103, 0.000494156, 0.999157, -0.0390644, 0.0126391, -0.01, 0.01, 0.01
Object, OZ_40_ks_poster03C, -7.82922, 1.59, 1.76103, 0.000494156, 0.999157, -0.0390644, 0.0126391, -0.01, 0.01, 0.01
Object, OZ_40_ks_poster03D, 7.82239, 1.59, 1.76038, 0.0, 1.0, 0.0, 0.0, -0.01, 0.01, 0.01
Object, OZ_40_ks_poster03D, 1.8167200000000001, 1.59, 1.76038, 0.0, 1.0, 0.0, 0.0, -0.01, 0.01, 0.01
Object, OZ_40_ks_poster03D, -4.19491, 1.59, 1.76038, 0.0, 1.0, 0.0, 0.0, -0.01, 0.01, 0.01
Object, OZ_40_ks_poster02B, -0.9927079999999999, 2.54316, -1.53905, 0.0, 0.0, 0.0, 1.0, -0.01, 0.01, 0.01
Object, OZ_40_ks_poster02A, 1.0026000000000002, 2.54316, -1.53905, 0.0, 0.0, 0.0, 1.0, -0.01, 0.01, 0.01
Object, OZ_40_ks_poster02B, 5.00729, 2.54316, -1.53905, 0.0, 0.0, 0.0, 1.0, -0.01, 0.01, 0.01
Object, OZ_40_ks_poster02A, 7.0026, 2.54316, -1.53905, 0.0, 0.0, 0.0, 1.0, -0.01, 0.01, 0.01
Object, OZ_40_ks_poster02C, 11.011, 2.54316, -1.53905, 0.0, 0.0, 0.0, 1.0, -0.01, 0.01, 0.01
Object, OZ_40_ks_poster02A, 5.01032, 2.54316, 1.53297, 0.0, 1.0, 0.0, 0.0, -0.01, 0.01, 0.01
Object, OZ_40_ks_poster02A, -0.98968, 2.54316, 1.53297, 0.0, 1.0, 0.0, 0.0, -0.01, 0.01, 0.01
Object, OZ_40_ks_poster02A, -6.98968, 2.54316, 1.53297, 0.0, 1.0, 0.0, 0.0, -0.01, 0.01, 0.01
Object, OZ_40_ks_poster02B, 7.00563, 2.54316, 1.53297, 0.0, 1.0, 0.0, 0.0, -0.01, 0.01, 0.01
Object, OZ_40_ks_poster02B, 1.00563, 2.54316, 1.53297, 0.0, 1.0, 0.0, 0.0, -0.01, 0.01, 0.01
Object, OZ_40_ks_poster02B, -4.99437, 2.54316, 1.53297, 0.0, 1.0, 0.0, 0.0, -0.01, 0.01, 0.01
Object, OZ_40_ks_poster02C, 11.001900000000001, 2.54316, 1.53297, 0.0, 1.0, 0.0, 0.0, -0.01, 0.01, 0.01
Object, OZ_40_ks_poster02C, -10.998099999999999, 2.54316, 1.53297, 0.0, 1.0, 0.0, 0.0, -0.01, 0.01, 0.01
Object, OZ_40_be_pipe01C, -9.0, 0.0, 0.0, 0.0, 0.0, 0.0, 1.0, -0.01, 0.01, 0.01
Object, OZ_40_be_pipe01C, 3.0, 0.0, 0.0, 0.0, 0.0, 0.0, 1.0, -0.01, 0.01, 0.01
Object, OZ_40_be_pipe01C, 9.0, 0.0, 0.0, 0.0, 0.0, 0.0, 1.0, -0.01, 0.01, 0.01
Object, OZ_40_ks_obj01A, -3.7149, 2.15274, 0.754804, 0.0, 0.0, 0.0, 1.0, -0.01, 0.01, 0.01
Object, OZ_40_ks_obj01B, -3.31385, 2.15165, 0.7550560000000001, 0.0, 0.0, 0.0, 1.0, -0.01, 0.01, 0.01
Object, OZ_40_ks_obj01A, -2.76102, 2.15274, 0.754804, 0.0, 0.0, 0.0, 1.0, -0.01, 0.01, 0.01
Object, OZ_40_ks_obj01B, -2.35997, 2.15165, 0.7550560000000001, 0.0, 0.0, 0.0, 1.0, -0.01, 0.01, 0.01
Object, OZ_40_be_trdoor01A, -9.0, -2.65943e-06, 0.0, 0.0, 1.50996e-07, 0.0, 1.0, -0.01, 0.01, 0.01
Object, OZ_40_ks_poster03D, 11.988800000000001, 1.5165700000000002, -1.00094, -0.0308436, -0.706434, -0.0308436, 0.706434, -0.01, 0.01, 0.01
Object, OZ_40_ks_poster01D, 11.953800000000001, 2.5613400000000004, -0.00621645, 0.0, 1.0, 0.0, 0.0, -0.01, 0.01, 0.01
Object, OZ_40_ks_poster01D, -11.9611, 2.5613400000000004, 0.0778799, 0.0, 1.50996e-07, 0.0, 1.0, -0.01, 0.01, 0.01
Object, OZ_40_ks_poster03C, -11.9999, 1.5313700000000001, -1.04307, 0.0, 0.707107, 0.0, 0.707107, -0.01, 0.01, 0.01
Object, OZ_40_ks_poster03D, -11.995999999999999, 1.5165700000000002, 1.03981, -0.0308436, 0.706434, 0.0308436, 0.706434, -0.01, 0.01, 0.01
Object, OZ_40_be_trside01C, -11.0, -2.9375600000000002e-06, -1.2207e-06, 0.0, 0.0, 0.0, 1.0, -0.01, 0.01, 0.01
Object, OZ_40_ks_chair01A, 4.88281e-06, 7.62939e-08, 0.0, 0.0, 1.50996e-07, 0.0, 1.0, -0.01, 0.01, 0.01
Object, OZ_40_ks_poster03B, 11.991700000000002, 1.50703, 1.0456699999999999, 0.0, -0.707107, 0.0, 0.707107, -0.01, 0.01, 0.01
Object, OZ_40_be_trdoor01A, -9.0, -2.65943e-06, 0.0, 0.0, 1.0, 0.0, 0.0, -0.01, 0.01, 0.01
Object, OZ_40_be_trdoor01A, -3.0, -2.65943e-06, 0.0, 0.0, 1.0, 0.0, 0.0, -0.01, 0.01, 0.01
Object, OZ_40_be_trdoor01A, -3.0, -2.65943e-06, 0.0, 0.0, 1.50996e-07, 0.0, 1.0, -0.01, 0.01, 0.01
Object, OZ_40_be_trdoor01A, 3.0, -2.65943e-06, 0.0, 0.0, 1.0, 0.0, 0.0, -0.01, 0.01, 0.01
Object, OZ_40_be_trdoor01A, 3.0, -2.65943e-06, 0.0, 0.0, 1.50996e-07, 0.0, 1.0, -0.01, 0.01, 0.01
Object, OZ_40_be_trdoor01A, 9.0, -2.65943e-06, 0.0, 0.0, 1.0, 0.0, 0.0, -0.01, 0.01, 0.01
Object, OZ_40_be_trdoor01A, 9.0, -2.65943e-06, 0.0, 0.0, 1.50996e-07, 0.0, 1.0, -0.01, 0.01, 0.01
Object, OZ_40_be_trmid01A, -6.0, 6.516510000000001e-08, 0.0, 0.0, 1.0, 0.0, 0.0, -0.01, 0.01, 0.01
Object, OZ_40_be_trmid01A, 0.0, 6.516510000000001e-08, 0.0, 0.0, 1.0, 0.0, 0.0, -0.01, 0.01, 0.01
Object, OZ_40_be_trmid01A, 0.0, 6.516510000000001e-08, 0.0, 0.0, 0.0, 0.0, 1.0, -0.01, 0.01, 0.01
Object, OZ_40_be_trmid01A, 6.0, 6.516510000000001e-08, 0.0, 0.0, 1.0, 0.0, 0.0, -0.01, 0.01, 0.01
Object, OZ_40_be_trmid01A, 6.0, 6.516510000000001e-08, 0.0, 0.0, 0.0, 0.0, 1.0, -0.01, 0.01, 0.01
Object, OZ_40_ks_obj01B, 9.61444, 2.15455, -0.757572, 0.0, 0.0, 0.0, 1.0, -0.01, 0.01, 0.01
Object, OZ_40_ks_obj01A, 9.2134, 2.15564, -0.7578239999999999, 0.0, 0.0, 0.0, 1.0, -0.01, 0.01, 0.01
Object, OZ_40_ks_obj01B, 8.712480000000001, 2.15455, -0.757572, 0.0, 0.0, 0.0, 1.0, -0.01, 0.01, 0.01
Object, OZ_40_ks_obj01A, 8.311440000000001, 2.15564, -0.7578239999999999, 0.0, 0.0, 0.0, 1.0, -0.01, 0.01, 0.01
Object, OZ_40_ks_obj01B, 9.61444, 2.15165, 0.7550560000000001, 0.0, 0.0, 0.0, 1.0, -0.01, 0.01, 0.01
Object, OZ_40_ks_obj01A, 9.2134, 2.15274, 0.754804, 0.0, 0.0, 0.0, 1.0, -0.01, 0.01, 0.01
Object, OZ_40_ks_obj01B, 8.712480000000001, 2.15165, 0.7550560000000001, 0.0, 0.0, 0.0, 1.0, -0.01, 0.01, 0.01
Object, OZ_40_ks_obj01A, 8.311440000000001, 2.15274, 0.754804, 0.0, 0.0, 0.0, 1.0, -0.01, 0.01, 0.01
Object, OZ_40_ks_obj01B, 3.71322, 2.15455, -0.757572, 0.0, 0.0, 0.0, 1.0, -0.01, 0.01, 0.01
Object, OZ_40_ks_obj01A, 3.31218, 2.15564, -0.7578239999999999, 0.0, 0.0, 0.0, 1.0, -0.01, 0.01, 0.01
Object, OZ_40_ks_obj01B, 2.81126, 2.15455, -0.757572, 0.0, 0.0, 0.0, 1.0, -0.01, 0.01, 0.01
Object, OZ_40_ks_obj01A, 2.41022, 2.15564, -0.7578239999999999, 0.0, 0.0, 0.0, 1.0, -0.01, 0.01, 0.01
Object, OZ_40_ks_obj01B, 3.71322, 2.15165, 0.7550560000000001, 0.0, 0.0, 0.0, 1.0, -0.01, 0.01, 0.01
Object, OZ_40_ks_obj01A, 3.31218, 2.15274, 0.754804, 0.0, 0.0, 0.0, 1.0, -0.01, 0.01, 0.01
Object, OZ_40_ks_obj01B, 2.81126, 2.15165, 0.7550560000000001, 0.0, 0.0, 0.0, 1.0, -0.01, 0.01, 0.01
Object, OZ_40_ks_obj01A, 2.41022, 2.15274, 0.754804, 0.0, 0.0, 0.0, 1.0, -0.01, 0.01, 0.01
Object, OZ_40_ks_obj01B, -2.34193, 2.15455, -0.757572, 0.0, 0.0, 0.0, 1.0, -0.01, 0.01, 0.01
Object, OZ_40_ks_obj01A, -2.74298, 2.15564, -0.7578239999999999, 0.0, 0.0, 0.0, 1.0, -0.01, 0.01, 0.01
Object, OZ_40_ks_obj01B, -3.2438900000000004, 2.15455, -0.757572, 0.0, 0.0, 0.0, 1.0, -0.01, 0.01, 0.01
Object, OZ_40_ks_obj01A, -3.6449400000000005, 2.15564, -0.7578239999999999, 0.0, 0.0, 0.0, 1.0, -0.01, 0.01, 0.01
Object, OZ_40_ks_obj01B, -8.41428, 2.15455, -0.757572, 0.0, 0.0, 0.0, 1.0, -0.01, 0.01, 0.01
Object, OZ_40_ks_obj01A, -8.81532, 2.15564, -0.7578239999999999, 0.0, 0.0, 0.0, 1.0, -0.01, 0.01, 0.01
Object, OZ_40_ks_obj01B, -9.31624, 2.15455, -0.757572, 0.0, 0.0, 0.0, 1.0, -0.01, 0.01, 0.01
Object, OZ_40_ks_obj01A, -9.71729, 2.15564, -0.7578239999999999, 0.0, 0.0, 0.0, 1.0, -0.01, 0.01, 0.01
Object, OZ_40_ks_obj01B, -8.41428, 2.15455, 0.754623, 0.0, 0.0, 0.0, 1.0, -0.01, 0.01, 0.01
Object, OZ_40_ks_obj01A, -8.81532, 2.15564, 0.754372, 0.0, 0.0, 0.0, 1.0, -0.01, 0.01, 0.01
Object, OZ_40_ks_obj01B, -9.31624, 2.15455, 0.754623, 0.0, 0.0, 0.0, 1.0, -0.01, 0.01, 0.01
Object, OZ_40_ks_obj01A, -9.71729, 2.15564, 0.754372, 0.0, 0.0, 0.0, 1.0, -0.01, 0.01, 0.01
Object, OZ_40_ks_obj02A, 0.0, 0.0, 0.0, 0.0, 0.0, 0.0, 1.0, -0.01, 0.01, 0.01
Object, OZ_40_ks_obj02A, 6.0, 0.0, 0.0, 0.0, 0.0, 0.0, 1.0, -0.01, 0.01, 0.01
Object, OZ_40_ks_obj02B, 10.996300000000002, 0.0, 0.0, 0.0, 1.0, 0.0, 0.0, -0.01, 0.01, 0.01
Object, OZ_40_be_trmid01A, -30.7758, 6.516510000000001e-08, -0.94375, 0.0, -0.0261769, 0.0, 0.999657, -0.01, 0.01, 0.01
Object, OZ_40_be_pipe01A, -30.7758, 7.62939e-08, -0.943749, 0.0, -0.0261769, 0.0, 0.999657, -0.01, 0.01, 0.01
Object, OZ_40_ks_obj02A, -30.7758, 0.0, -0.94375, 0.0, -0.0261769, 0.0, 0.999657, -0.01, 0.01, 0.01
Object, OZ_40_ks_poster02A, -29.6941, 2.54316, -2.42822, 0.0, -0.0261769, 0.0, 0.999657, -0.01, 0.01, 0.01
Object, OZ_40_ks_poster03A, -34.856300000000005, 1.59, -2.92952, 0.0, -0.0261769, 0.0, 0.999657, -0.01, 0.01, 0.01
Object, OZ_40_ks_poster01C, -35.4402, 2.5613400000000004, -1.19442, 0.0, -0.0261769, 0.0, 0.999657, -0.01, 0.01, 0.01
Object, OZ_40_ks_poster01D, -31.1077, 2.5613400000000004, -0.967364, 0.0, -0.0261769, 0.0, 0.999657, -0.01, 0.01, 0.01
Object, OZ_40_ks_poster02B, -31.686700000000002, 2.54316, -2.5326400000000002, 0.0, -0.0261769, 0.0, 0.999657, -0.01, 0.01, 0.01
Object, OZ_40_ks_poster03D, -32.5111, 1.59, -2.79999, 0.0, -0.0261769, 0.0, 0.999657, -0.01, 0.01, 0.01
Object, OZ_40_ks_poster03C, -28.881700000000002, 1.59, -2.61044, 0.0390381, -0.0387897, 0.00151658, 0.998483, -0.01, 0.01, 0.01
Object, OZ_40_ks_poster01B, -33.2314, 2.5613400000000004, -1.07867, 0.0, -0.0261769, 0.0, 0.999657, -0.01, 0.01, 0.01
Object, OZ_40_ks_poster01A, -29.7769, 2.5613400000000004, -0.8976220000000001, 0.0, -0.0261769, 0.0, 0.999657, -0.01, 0.01, 0.01
Object, OZ_40_ks_poster02C, -35.6775, 2.54316, -2.74179, 0.0, -0.0261769, 0.0, 0.999657, -0.01, 0.01, 0.01
Object, OZ_40_ks_chair01B, -35.8085, 0.0, -1.2075, 0.0, -0.0261769, 0.0, 0.999657, -0.01, 0.01, 0.01
Object, OZ_40_ks_chair01A, -30.7758, 7.62939e-08, -0.943749, 0.0, -0.0261769, 0.0, 0.999657, -0.01, 0.01, 0.01
Object, OZ_40_ks_obj02B, -35.7727, 0.0, -1.20562, 0.0, -0.0261769, 0.0, 0.999657, -0.01, 0.01, 0.01
Object, OZ_40_be_pipe01B, -35.769, 0.0, -1.20543, 0.0, -0.0261769, 0.0, 0.999657, -0.01, 0.01, 0.01
Object, OZ_40_be_pipe01C, -27.78, 0.0, -0.786742, 0.0, -0.0261769, 0.0, 0.999657, -0.01, 0.01, 0.01
Object, OZ_40_ks_chair01A, -30.7758, 7.62939e-08, -0.943749, 0.0, 0.999657, 0.0, 0.0261768, -0.01, 0.01, 0.01
Object, OZ_40_ks_chair01A, -24.7841, 7.62939e-08, -0.629734, 0.0, 0.999657, 0.0, 0.0261768, -0.01, 0.01, 0.01
Object, OZ_40_ks_chair01A, -18.7923, 7.62939e-08, -0.315718, 0.0, 0.999657, 0.0, 0.0261768, -0.01, 0.01, 0.01
Object, OZ_40_ks_chair01A, -18.7923, 7.62939e-08, -0.315718, 0.0, -0.0261769, 0.0, 0.999657, -0.01, 0.01, 0.01
Object, OZ_40_be_pipe01A, -24.7841, 7.62939e-08, -0.629734, 0.0, -0.0261769, 0.0, 0.999657, -0.01, 0.01, 0.01
Object, OZ_40_be_pipe01A, -18.7923, 7.62939e-08, -0.315718, 0.0, -0.0261769, 0.0, 0.999657, -0.01, 0.01, 0.01
Object, OZ_40_be_pipe01B, -13.799100000000001, 0.0, -0.054038300000000004, 0.0, 0.999657, 0.0, 0.0261768, -0.01, 0.01, 0.01
Object, OZ_40_ks_chair01B, -13.7619, 0.0, -0.052084700000000005, 0.0, 0.999657, 0.0, 0.0261768, -0.01, 0.01, 0.01
Object, OZ_40_ks_poster01A, -22.7865, 2.5613400000000004, -0.53127, 0.0, -0.0261769, 0.0, 0.999657, -0.01, 0.01, 0.01
Object, OZ_40_ks_poster01D, -24.1173, 2.5613400000000004, -0.601012, 0.0, -0.0261769, 0.0, 0.999657, -0.01, 0.01, 0.01
Object, OZ_40_ks_poster01B, -26.241, 2.5613400000000004, -0.712314, 0.0, -0.0261769, 0.0, 0.999657, -0.01, 0.01, 0.01
Object, OZ_40_ks_poster01C, -28.4498, 2.5613400000000004, -0.8280700000000001, 0.0, -0.0261769, 0.0, 0.999657, -0.01, 0.01, 0.01
Object, OZ_40_ks_poster01D, -18.1255, 2.5613400000000004, -0.28699600000000003, 0.0, -0.0261769, 0.0, 0.999657, -0.01, 0.01, 0.01
Object, OZ_40_ks_poster01B, -20.249200000000002, 2.5613400000000004, -0.398298, 0.0, -0.0261769, 0.0, 0.999657, -0.01, 0.01, 0.01
Object, OZ_40_ks_poster01C, -14.7969, 2.5613400000000004, -0.112552, 0.0, -0.0261769, 0.0, 0.999657, -0.01, 0.01, 0.01
Object, OZ_40_ks_poster01A, -16.7947, 2.5613400000000004, -0.217254, 0.0, -0.0261769, 0.0, 0.999657, -0.01, 0.01, 0.01
Object, OZ_40_ks_obj01B, -32.018, 2.154, -0.25275400000000003, 0.0, -0.0261769, 0.0, 0.999657, -0.01, 0.01, 0.01
Object, OZ_40_ks_obj01B, -31.051, 2.154, -0.20207899999999998, 0.0, -0.0261769, 0.0, 0.999657, -0.01, 0.01, 0.01
Object, OZ_40_ks_obj01B, -30.163899999999998, 2.154, -0.155585, 0.0, -0.0261769, 0.0, 0.999657, -0.01, 0.01, 0.01
Object, OZ_40_ks_obj01B, -29.2113, 2.154, -0.105663, 0.0, -0.0261769, 0.0, 0.999657, -0.01, 0.01, 0.01
Object, OZ_40_ks_obj01B, -26.0845, 2.154, 0.0582057, 0.0, -0.0261769, 0.0, 0.999657, -0.01, 0.01, 0.01
Object, OZ_40_ks_obj01B, -25.094099999999997, 2.154, 0.110109, 0.0, -0.0261769, 0.0, 0.999657, -0.01, 0.01, 0.01
Object, OZ_40_ks_obj01B, -24.1494, 2.154, 0.15962, 0.0, -0.0261769, 0.0, 0.999657, -0.01, 0.01, 0.01
Object, OZ_40_ks_obj01B, -23.209699999999998, 2.154, 0.20886600000000002, 0.0, -0.0261769, 0.0, 0.999657, -0.01, 0.01, 0.01
Object, OZ_40_ks_obj01B, -20.0594, 2.154, 0.373966, 0.0, -0.0261769, 0.0, 0.999657, -0.01, 0.01, 0.01
Object, OZ_40_ks_obj01B, -19.0868, 2.154, 0.42494, 0.0, -0.0261769, 0.0, 0.999657, -0.01, 0.01, 0.01
Object, OZ_40_ks_obj01B, -18.1735, 2.154, 0.472803, 0.0, -0.0261769, 0.0, 0.999657, -0.01, 0.01, 0.01
Object, OZ_40_ks_obj01B, -17.2728, 2.154, 0.520008, 0.0, -0.0261769, 0.0, 0.999657, -0.01, 0.01, 0.01
Object, OZ_40_ks_obj01B, -14.0749, 2.154, 0.6876030000000001, 0.0, -0.0261769, 0.0, 0.999657, -0.01, 0.01, 0.01
Object, OZ_40_ks_obj01B, -13.167300000000001, 2.154, 0.735168, 0.0, -0.0261769, 0.0, 0.999657, -0.01, 0.01, 0.01
Object, OZ_40_ks_obj01B, -36.0333, 2.154, -0.46318600000000004, 0.0, -0.0261769, 0.0, 0.999657, -0.01, 0.01, 0.01
Object, OZ_40_ks_obj01B, -35.1659, 2.154, -0.417731, 0.0, -0.0261769, 0.0, 0.999657, -0.01, 0.01, 0.01
Object, OZ_40_ks_obj01B, -31.9388, 2.1569, -1.76331, 0.0, -0.0261769, 0.0, 0.999657, -0.01, 0.01, 0.01
Object, OZ_40_ks_obj01B, -30.9719, 2.1569, -1.71263, 0.0, -0.0261769, 0.0, 0.999657, -0.01, 0.01, 0.01
Object, OZ_40_ks_obj01B, -30.084699999999998, 2.1569, -1.6661400000000002, 0.0, -0.0261769, 0.0, 0.999657, -0.01, 0.01, 0.01
Object, OZ_40_ks_obj01B, -29.1321, 2.1569, -1.6162200000000002, 0.0, -0.0261769, 0.0, 0.999657, -0.01, 0.01, 0.01
Object, OZ_40_ks_obj01B, -26.005300000000002, 2.1569, -1.4523500000000003, 0.0, -0.0261769, 0.0, 0.999657, -0.01, 0.01, 0.01
Object, OZ_40_ks_obj01B, -25.015, 2.1569, -1.40045, 0.0, -0.0261769, 0.0, 0.999657, -0.01, 0.01, 0.01
Object, OZ_40_ks_obj01B, -24.0702, 2.1569, -1.35094, 0.0, -0.0261769, 0.0, 0.999657, -0.01, 0.01, 0.01
Object, OZ_40_ks_obj01B, -23.1306, 2.1569, -1.3016900000000002, 0.0, -0.0261769, 0.0, 0.999657, -0.01, 0.01, 0.01
Object, OZ_40_ks_obj01B, -19.9803, 2.1569, -1.13659, 0.0, -0.0261769, 0.0, 0.999657, -0.01, 0.01, 0.01
Object, OZ_40_ks_obj01B, -19.0076, 2.1569, -1.0856100000000002, 0.0, -0.0261769, 0.0, 0.999657, -0.01, 0.01, 0.01
Object, OZ_40_ks_obj01B, -18.0943, 2.1569, -1.0377500000000002, 0.0, -0.0261769, 0.0, 0.999657, -0.01, 0.01, 0.01
Object, OZ_40_ks_obj01B, -17.1936, 2.1569, -0.990547, 0.0, -0.0261769, 0.0, 0.999657, -0.01, 0.01, 0.01
Object, OZ_40_ks_obj01B, -13.9957, 2.1569, -0.8229519999999999, 0.0, -0.0261769, 0.0, 0.999657, -0.01, 0.01, 0.01
Object, OZ_40_ks_obj01B, -13.088099999999999, 2.1569, -0.775387, 0.0, -0.0261769, 0.0, 0.999657, -0.01, 0.01, 0.01
Object, OZ_40_ks_obj01B, -35.9541, 2.1569, -1.97374, 0.0, -0.0261769, 0.0, 0.999657, -0.01, 0.01, 0.01
Object, OZ_40_ks_obj01B, -35.0867, 2.1569, -1.92829, 0.0, -0.0261769, 0.0, 0.999657, -0.01, 0.01, 0.01
Object, OZ_40_ks_poster03D, -26.5137, 1.59, -2.4856800000000003, 0.0, -0.0261769, 0.0, 0.999657, -0.01, 0.01, 0.01
Object, OZ_40_ks_poster03C, -22.8843, 1.59, -2.29612, 0.0390381, -0.0387897, 0.00151658, 0.998483, -0.01, 0.01, 0.01
Object, OZ_40_ks_poster03D, -20.5103, 1.59, -2.17106, 0.0, -0.0261769, 0.0, 0.999657, -0.01, 0.01, 0.01
Object, OZ_40_ks_poster03C, -16.8809, 1.59, -1.9815, 0.0390381, -0.0387897, 0.00151658, 0.998483, -0.01, 0.01, 0.01
Object, OZ_40_ks_poster03A, -14.5263, 1.59, -1.8562100000000001, 0.0, -0.0106411, 0.0, 0.999943, -0.01, 0.01, 0.01
Object, OZ_40_ks_poster03A, -14.7194, 1.59, 1.66714, 0.0, 0.999657, 0.0, 0.0261768, -0.01, 0.01, 0.01
Object, OZ_40_ks_poster03A, -35.0493, 1.59, 0.593837, 0.0, 0.999943, 0.0, 0.0106411, -0.01, 0.01, 0.01
Object, OZ_40_ks_poster03C, -20.6939, 1.59, 1.3480699999999999, 0.00151657, 0.998483, -0.0390381, 0.0387896, -0.01, 0.01, 0.01
Object, OZ_40_ks_poster03C, -26.691300000000002, 1.59, 1.03375, 0.00151657, 0.998483, -0.0390381, 0.0387896, -0.01, 0.01, 0.01
Object, OZ_40_ks_poster03C, -32.6947, 1.59, 0.719131, 0.00151657, 0.998483, -0.0390381, 0.0387896, -0.01, 0.01, 0.01
Object, OZ_40_ks_poster03D, -17.064500000000002, 1.59, 1.53762, 0.0, 0.999657, 0.0, 0.0261768, -0.01, 0.01, 0.01
Object, OZ_40_ks_poster03D, -23.061999999999998, 1.59, 1.2233100000000001, 0.0, 0.999657, 0.0, 0.0261768, -0.01, 0.01, 0.01
Object, OZ_40_ks_poster03D, -29.0654, 1.59, 0.9086879999999999, 0.0, 0.999657, 0.0, 0.0261768, -0.01, 0.01, 0.01
Object, OZ_40_ks_poster02B, -25.694899999999997, 2.54316, -2.21863, 0.0, -0.0261769, 0.0, 0.999657, -0.01, 0.01, 0.01
Object, OZ_40_ks_poster02A, -23.7023, 2.54316, -2.1142, 0.0, -0.0261769, 0.0, 0.999657, -0.01, 0.01, 0.01
Object, OZ_40_ks_poster02B, -19.7031, 2.54316, -1.9046100000000001, 0.0, -0.0261769, 0.0, 0.999657, -0.01, 0.01, 0.01
Object, OZ_40_ks_poster02A, -17.7105, 2.54316, -1.8001800000000001, 0.0, -0.0261769, 0.0, 0.999657, -0.01, 0.01, 0.01
Object, OZ_40_ks_poster02C, -13.7076, 2.54316, -1.5904, 0.0, -0.0261769, 0.0, 0.999657, -0.01, 0.01, 0.01
Object, OZ_40_ks_poster02A, -19.8608, 2.54316, 1.1633499999999999, 0.0, 0.999657, 0.0, 0.0261768, -0.01, 0.01, 0.01
Object, OZ_40_ks_poster02A, -25.852600000000002, 2.54316, 0.849337, 0.0, 0.999657, 0.0, 0.0261768, -0.01, 0.01, 0.01
Object, OZ_40_ks_poster02A, -31.8444, 2.54316, 0.5353220000000001, 0.0, 0.999657, 0.0, 0.0261768, -0.01, 0.01, 0.01
Object, OZ_40_ks_poster02B, -17.8683, 2.54316, 1.2677800000000001, 0.0, 0.999657, 0.0, 0.0261768, -0.01, 0.01, 0.01
Object, OZ_40_ks_poster02B, -23.860100000000003, 2.54316, 0.953763, 0.0, 0.999657, 0.0, 0.0261768, -0.01, 0.01, 0.01
Object, OZ_40_ks_poster02B, -29.851799999999997, 2.54316, 0.639748, 0.0, 0.999657, 0.0, 0.0261768, -0.01, 0.01, 0.01
Object, OZ_40_ks_poster02C, -35.847300000000004, 2.54316, 0.32553899999999997, 0.0, 0.999657, 0.0, 0.0261768, -0.01, 0.01, 0.01
Object, OZ_40_be_pipe01C, -33.7717, 0.0, -1.10076, 0.0, -0.0261769, 0.0, 0.999657, -0.01, 0.01, 0.01
Object, OZ_40_be_pipe01C, -21.788200000000003, 0.0, -0.472726, 0.0, -0.0261769, 0.0, 0.999657, -0.01, 0.01, 0.01
Object, OZ_40_be_pipe01C, -15.796400000000002, 0.0, -0.15871000000000002, 0.0, -0.0261769, 0.0, 0.999657, -0.01, 0.01, 0.01
Object, OZ_40_ks_obj01B, -28.1329, 2.154, -0.0491462, 0.0, -0.0261769, 0.0, 0.999657, -0.01, 0.01, 0.01
Object, OZ_40_ks_obj01B, -27.180300000000003, 2.154, 0.000775839, 0.0, -0.0261769, 0.0, 0.999657, -0.01, 0.01, 0.01
Object, OZ_40_be_trdoor01A, -33.7717, -2.65943e-06, -1.10076, 0.0, -0.0261769, 0.0, 0.999657, -0.01, 0.01, 0.01
Object, OZ_40_ks_poster01D, -36.732800000000005, 2.5613400000000004, -1.1779600000000001, 0.0, -0.0261769, 0.0, 0.999657, -0.01, 0.01, 0.01
Object, OZ_40_ks_poster03C, -36.7129, 1.5313700000000001, -2.29939, 0.0, 0.688354, 0.0, 0.725374, -0.01, 0.01, 0.01
Object, OZ_40_ks_poster03D, -36.8181, 1.5165700000000002, -0.219177, -0.0316404, 0.687699, 0.0300256, 0.724684, -0.01, 0.01, 0.01
Object, OZ_40_be_trside01A, -35.769, -2.9375600000000002e-06, -1.20543, 0.0, -0.0261769, 0.0, 0.999657, -0.01, 0.01, 0.01
Object, OZ_40_ks_chair01A, -24.7841, 7.62939e-08, -0.629734, 0.0, -0.0261769, 0.0, 0.999657, -0.01, 0.01, 0.01
Object, OZ_40_be_trdoor01A, -33.7717, -2.65943e-06, -1.10076, 0.0, 0.999657, 0.0, 0.0261768, -0.01, 0.01, 0.01
Object, OZ_40_be_trdoor01A, -27.78, -2.65943e-06, -0.786742, 0.0, 0.999657, 0.0, 0.0261768, -0.01, 0.01, 0.01
Object, OZ_40_be_trdoor01A, -27.78, -2.65943e-06, -0.786742, 0.0, -0.0261769, 0.0, 0.999657, -0.01, 0.01, 0.01
Object, OZ_40_be_trdoor01A, -21.788200000000003, -2.65943e-06, -0.472726, 0.0, 0.999657, 0.0, 0.0261768, -0.01, 0.01, 0.01
Object, OZ_40_be_trdoor01A, -21.788200000000003, -2.65943e-06, -0.472726, 0.0, -0.0261769, 0.0, 0.999657, -0.01, 0.01, 0.01
Object, OZ_40_be_trdoor01A, -15.796400000000002, -2.65943e-06, -0.15871000000000002, 0.0, 0.999657, 0.0, 0.0261768, -0.01, 0.01, 0.01
Object, OZ_40_be_trdoor01A, -15.796400000000002, -2.65943e-06, -0.15871000000000002, 0.0, -0.0261769, 0.0, 0.999657, -0.01, 0.01, 0.01
Object, OZ_40_be_trmid01A, -30.7758, 6.516510000000001e-08, -0.94375, 0.0, 0.999657, 0.0, 0.0261768, -0.01, 0.01, 0.01
Object, OZ_40_be_trmid01A, -24.7841, 6.516510000000001e-08, -0.629734, 0.0, 0.999657, 0.0, 0.0261768, -0.01, 0.01, 0.01
Object, OZ_40_be_trmid01A, -24.7841, 6.516510000000001e-08, -0.629734, 0.0, -0.0261769, 0.0, 0.999657, -0.01, 0.01, 0.01
Object, OZ_40_be_trmid01A, -18.7923, 6.516510000000001e-08, -0.315718, 0.0, 0.999657, 0.0, 0.0261768, -0.01, 0.01, 0.01
Object, OZ_40_be_trmid01A, -18.7923, 6.516510000000001e-08, -0.315718, 0.0, -0.0261769, 0.0, 0.999657, -0.01, 0.01, 0.01
Object, OZ_40_ks_obj01B, -15.1432, 2.1569, -0.8830870000000001, 0.0, -0.0261769, 0.0, 0.999657, -0.01, 0.01, 0.01
Object, OZ_40_ks_obj01B, -16.0439, 2.1569, -0.930292, 0.0, -0.0261769, 0.0, 0.999657, -0.01, 0.01, 0.01
Object, OZ_40_ks_obj01B, -15.2223, 2.154, 0.6274689999999999, 0.0, -0.0261769, 0.0, 0.999657, -0.01, 0.01, 0.01
Object, OZ_40_ks_obj01B, -16.123, 2.154, 0.580264, 0.0, -0.0261769, 0.0, 0.999657, -0.01, 0.01, 0.01
Object, OZ_40_ks_obj01B, -21.0363, 2.1569, -1.19193, 0.0, -0.0261769, 0.0, 0.999657, -0.01, 0.01, 0.01
Object, OZ_40_ks_obj01B, -21.936999999999998, 2.1569, -1.2391400000000001, 0.0, -0.0261769, 0.0, 0.999657, -0.01, 0.01, 0.01
Object, OZ_40_ks_obj01B, -21.1155, 2.154, 0.318622, 0.0, -0.0261769, 0.0, 0.999657, -0.01, 0.01, 0.01
Object, OZ_40_ks_obj01B, -22.016199999999998, 2.154, 0.271417, 0.0, -0.0261769, 0.0, 0.999657, -0.01, 0.01, 0.01
Object, OZ_40_ks_obj01B, -27.0831, 2.1569, -1.50884, 0.0, -0.0261769, 0.0, 0.999657, -0.01, 0.01, 0.01
Object, OZ_40_ks_obj01B, -27.9839, 2.1569, -1.55604, 0.0, -0.0261769, 0.0, 0.999657, -0.01, 0.01, 0.01
Object, OZ_40_ks_obj01B, -33.1472, 2.1569, -1.8266399999999998, 0.0, -0.0261769, 0.0, 0.999657, -0.01, 0.01, 0.01
Object, OZ_40_ks_obj01B, -34.0479, 2.1569, -1.87384, 0.0, -0.0261769, 0.0, 0.999657, -0.01, 0.01, 0.01
Object, OZ_40_ks_obj01B, -33.2263, 2.1569, -0.316514, 0.0, -0.0261769, 0.0, 0.999657, -0.01, 0.01, 0.01
Object, OZ_40_ks_obj01B, -34.126999999999995, 2.1569, -0.36371899999999996, 0.0, -0.0261769, 0.0, 0.999657, -0.01, 0.01, 0.01
Object, OZ_40_ks_obj02A, -24.7841, 0.0, -0.629734, 0.0, -0.0261769, 0.0, 0.999657, -0.01, 0.01, 0.01
Object, OZ_40_ks_obj02A, -18.7923, 0.0, -0.315718, 0.0, -0.0261769, 0.0, 0.999657, -0.01, 0.01, 0.01
Object, OZ_40_ks_obj02B, -13.8028, 0.0, -0.0542317, 0.0, 0.999657, 0.0, 0.0261768, -0.01, 0.01, 0.01
Object, OZ_40_be_trmid01A, 18.791800000000002, 6.516510000000001e-08, -0.314809, 0.0, 0.0261769, 0.0, 0.999657, -0.01, 0.01, 0.01
Object, OZ_40_be_pipe01A, 18.791800000000002, 7.62939e-08, -0.314809, 0.0, 0.0261769, 0.0, 0.999657, -0.01, 0.01, 0.01
Object, OZ_40_ks_obj02A, 18.791800000000002, 0.0, -0.314809, 0.0, 0.0261769, 0.0, 0.999657, -0.01, 0.01, 0.01
Object, OZ_40_ks_poster02A, 19.712500000000002, 2.54316, -1.90422, 0.0, 0.0261769, 0.0, 0.999657, -0.01, 0.01, 0.01
Object, OZ_40_ks_poster03A, 14.5261, 1.59, -1.8631700000000002, 0.0, 0.0261769, 0.0, 0.999657, -0.01, 0.01, 0.01
Object, OZ_40_ks_poster01C, 14.126800000000001, 2.5613400000000004, -0.0765528, 0.0, 0.0261769, 0.0, 0.999657, -0.01, 0.01, 0.01
Object, OZ_40_ks_poster01D, 18.459300000000002, 2.5613400000000004, -0.30361, 0.0, 0.0261769, 0.0, 0.999657, -0.01, 0.01, 0.01
Object, OZ_40_ks_poster02B, 17.7199, 2.54316, -1.7997900000000002, 0.0, 0.0261769, 0.0, 0.999657, -0.01, 0.01, 0.01
Object, OZ_40_ks_poster03D, 16.872, 1.59, -1.9795, 0.0, 0.0261769, 0.0, 0.999657, -0.01, 0.01, 0.01
Object, OZ_40_ks_poster03C, 20.5013, 1.59, -2.17035, 0.039064, 0.0135201, -0.000528599, 0.999145, -0.01, 0.01, 0.01
Object, OZ_40_ks_poster01B, 16.3356, 2.5613400000000004, -0.19230799999999998, 0.0, 0.0261769, 0.0, 0.999657, -0.01, 0.01, 0.01
Object, OZ_40_ks_poster01A, 19.7901, 2.5613400000000004, -0.373352, 0.0, 0.0261769, 0.0, 0.999657, -0.01, 0.01, 0.01
Object, OZ_40_ks_poster02C, 13.7946, 2.54316, -1.53905, 0.0, 0.0, 0.0, 1.0, -0.01, 0.01, 0.01
Object, OZ_40_ks_chair01B, 13.759200000000002, 0.0, -0.0510595, 0.0, 0.0261769, 0.0, 0.999657, -0.01, 0.01, 0.01
Object, OZ_40_ks_chair01A, 18.791800000000002, 7.62939e-08, -0.314809, 0.0, 0.0261769, 0.0, 0.999657, -0.01, 0.01, 0.01
Object, OZ_40_ks_obj02B, 13.795, 0.0, -0.0529353, 0.0, 0.0261769, 0.0, 0.999657, -0.01, 0.01, 0.01
Object, OZ_40_be_pipe01B, 13.798599999999999, 0.0, -0.0531287, 0.0, 0.0261769, 0.0, 0.999657, -0.01, 0.01, 0.01
Object, OZ_40_be_pipe01C, 21.7877, 0.0, -0.471816, 0.0, 0.0261769, 0.0, 0.999657, -0.01, 0.01, 0.01
Object, OZ_40_be_trside01A, 35.7663, -2.9375600000000002e-06, -1.20441, 0.0, 0.999657, 0.0, -0.026177, -0.01, 0.01, 0.01
Object, OZ_40_ks_chair01A, 18.791800000000002, 7.62939e-08, -0.314809, 0.0, 0.999657, 0.0, -0.026177, -0.01, 0.01, 0.01
Object, OZ_40_ks_chair01A, 24.783600000000003, 7.62939e-08, -0.628825, 0.0, 0.999657, 0.0, -0.026177, -0.01, 0.01, 0.01
Object, OZ_40_ks_chair01A, 30.7754, 7.62939e-08, -0.9428400000000001, 0.0, 0.999657, 0.0, -0.026177, -0.01, 0.01, 0.01
Object, OZ_40_ks_chair01A, 30.7754, 7.62939e-08, -0.9428400000000001, 0.0, 0.0261769, 0.0, 0.999657, -0.01, 0.01, 0.01
Object, OZ_40_be_pipe01A, 24.783600000000003, 7.62939e-08, -0.628825, 0.0, 0.0261769, 0.0, 0.999657, -0.01, 0.01, 0.01
Object, OZ_40_be_pipe01A, 30.7754, 7.62939e-08, -0.9428400000000001, 0.0, 0.0261769, 0.0, 0.999657, -0.01, 0.01, 0.01
Object, OZ_40_be_pipe01B, 35.7685, 0.0, -1.20452, 0.0, 0.999657, 0.0, -0.026177, -0.01, 0.01, 0.01
Object, OZ_40_ks_chair01B, 35.8058, 0.0, -1.2064700000000002, 0.0, 0.999657, 0.0, -0.026177, -0.01, 0.01, 0.01
Object, OZ_40_ks_poster01A, 26.780500000000004, 2.5613400000000004, -0.739704, 0.0, 0.0261769, 0.0, 0.999657, -0.01, 0.01, 0.01
Object, OZ_40_ks_poster01D, 25.4497, 2.5613400000000004, -0.6699620000000001, 0.0, 0.0261769, 0.0, 0.999657, -0.01, 0.01, 0.01
Object, OZ_40_ks_poster01B, 23.326, 2.5613400000000004, -0.55866, 0.0, 0.0261769, 0.0, 0.999657, -0.01, 0.01, 0.01
Object, OZ_40_ks_poster01C, 21.117199999999997, 2.5613400000000004, -0.44290500000000005, 0.0, 0.0261769, 0.0, 0.999657, -0.01, 0.01, 0.01
Object, OZ_40_ks_poster01D, 31.4415, 2.5613400000000004, -0.983978, 0.0, 0.0261769, 0.0, 0.999657, -0.01, 0.01, 0.01
Object, OZ_40_ks_poster01B, 29.317800000000002, 2.5613400000000004, -0.872676, 0.0, 0.0261769, 0.0, 0.999657, -0.01, 0.01, 0.01
Object, OZ_40_ks_poster01C, 34.770100000000006, 2.5613400000000004, -1.15842, 0.0, 0.0261769, 0.0, 0.999657, -0.01, 0.01, 0.01
Object, OZ_40_ks_poster01A, 32.7723, 2.5613400000000004, -1.05372, 0.0, 0.0261769, 0.0, 0.999657, -0.01, 0.01, 0.01
Object, OZ_40_ks_obj01B, 17.6287, 2.154, 0.502238, 0.0, 0.0261769, 0.0, 0.999657, -0.01, 0.01, 0.01
Object, OZ_40_ks_obj01B, 18.5957, 2.154, 0.45156300000000005, 0.0, 0.0261769, 0.0, 0.999657, -0.01, 0.01, 0.01
Object, OZ_40_ks_obj01B, 19.4828, 2.154, 0.405069, 0.0, 0.0261769, 0.0, 0.999657, -0.01, 0.01, 0.01
Object, OZ_40_ks_obj01B, 20.4354, 2.154, 0.355147, 0.0, 0.0261769, 0.0, 0.999657, -0.01, 0.01, 0.01
Object, OZ_40_ks_obj01B, 23.562199999999997, 2.154, 0.191278, 0.0, 0.0261769, 0.0, 0.999657, -0.01, 0.01, 0.01
Object, OZ_40_ks_obj01B, 24.5526, 2.154, 0.139375, 0.0, 0.0261769, 0.0, 0.999657, -0.01, 0.01, 0.01
Object, OZ_40_ks_obj01B, 25.4973, 2.154, 0.0898642, 0.0, 0.0261769, 0.0, 0.999657, -0.01, 0.01, 0.01
Object, OZ_40_ks_obj01B, 26.4369, 2.154, 0.040618299999999996, 0.0, 0.0261769, 0.0, 0.999657, -0.01, 0.01, 0.01
Object, OZ_40_ks_obj01B, 29.5872, 2.154, -0.124482, 0.0, 0.0261769, 0.0, 0.999657, -0.01, 0.01, 0.01
Object, OZ_40_ks_obj01B, 30.5599, 2.154, -0.175456, 0.0, 0.0261769, 0.0, 0.999657, -0.01, 0.01, 0.01
Object, OZ_40_ks_obj01B, 31.473200000000002, 2.154, -0.22331900000000002, 0.0, 0.0261769, 0.0, 0.999657, -0.01, 0.01, 0.01
Object, OZ_40_ks_obj01B, 32.3739, 2.154, -0.270524, 0.0, 0.0261769, 0.0, 0.999657, -0.01, 0.01, 0.01
Object, OZ_40_ks_obj01B, 35.571799999999996, 2.154, -0.43811900000000004, 0.0, 0.0261769, 0.0, 0.999657, -0.01, 0.01, 0.01
Object, OZ_40_ks_obj01B, 36.4794, 2.154, -0.485684, 0.0, 0.0261769, 0.0, 0.999657, -0.01, 0.01, 0.01
Object, OZ_40_ks_obj01B, 13.613399999999999, 2.154, 0.71267, 0.0, 0.0261769, 0.0, 0.999657, -0.01, 0.01, 0.01
Object, OZ_40_ks_obj01B, 14.4808, 2.154, 0.6672150000000001, 0.0, 0.0261769, 0.0, 0.999657, -0.01, 0.01, 0.01
Object, OZ_40_ks_obj01B, 17.549500000000002, 2.1569, -1.0083199999999999, 0.0, 0.0261769, 0.0, 0.999657, -0.01, 0.01, 0.01
Object, OZ_40_ks_obj01B, 18.5165, 2.1569, -1.05899, 0.0, 0.0261769, 0.0, 0.999657, -0.01, 0.01, 0.01
Object, OZ_40_ks_obj01B, 19.4036, 2.1569, -1.10549, 0.0, 0.0261769, 0.0, 0.999657, -0.01, 0.01, 0.01
Object, OZ_40_ks_obj01B, 20.356199999999998, 2.1569, -1.15541, 0.0, 0.0261769, 0.0, 0.999657, -0.01, 0.01, 0.01
Object, OZ_40_ks_obj01B, 23.483, 2.1569, -1.31928, 0.0, 0.0261769, 0.0, 0.999657, -0.01, 0.01, 0.01
Object, OZ_40_ks_obj01B, 24.4734, 2.1569, -1.37118, 0.0, 0.0261769, 0.0, 0.999657, -0.01, 0.01, 0.01
Object, OZ_40_ks_obj01B, 25.4181, 2.1569, -1.42069, 0.0, 0.0261769, 0.0, 0.999657, -0.01, 0.01, 0.01
Object, OZ_40_ks_obj01B, 26.3578, 2.1569, -1.46994, 0.0, 0.0261769, 0.0, 0.999657, -0.01, 0.01, 0.01
Object, OZ_40_ks_obj01B, 29.5081, 2.1569, -1.63504, 0.0, 0.0261769, 0.0, 0.999657, -0.01, 0.01, 0.01
Object, OZ_40_ks_obj01B, 30.480700000000002, 2.1569, -1.68601, 0.0, 0.0261769, 0.0, 0.999657, -0.01, 0.01, 0.01
Object, OZ_40_ks_obj01B, 31.394000000000002, 2.1569, -1.73387, 0.0, 0.0261769, 0.0, 0.999657, -0.01, 0.01, 0.01
Object, OZ_40_ks_obj01B, 32.2947, 2.1569, -1.78108, 0.0, 0.0261769, 0.0, 0.999657, -0.01, 0.01, 0.01
Object, OZ_40_ks_obj01B, 35.4926, 2.1569, -1.94867, 0.0, 0.0261769, 0.0, 0.999657, -0.01, 0.01, 0.01
Object, OZ_40_ks_obj01B, 36.4002, 2.1569, -1.99624, 0.0, 0.0261769, 0.0, 0.999657, -0.01, 0.01, 0.01
Object, OZ_40_ks_obj01B, 13.534300000000002, 2.1569, -0.797885, 0.0, 0.0261769, 0.0, 0.999657, -0.01, 0.01, 0.01
Object, OZ_40_ks_obj01B, 14.401600000000002, 2.1569, -0.8433400000000001, 0.0, 0.0261769, 0.0, 0.999657, -0.01, 0.01, 0.01
Object, OZ_40_ks_poster03D, 22.8695, 1.59, -2.29381, 0.0, 0.0261769, 0.0, 0.999657, -0.01, 0.01, 0.01
Object, OZ_40_ks_poster03C, 26.4987, 1.59, -2.4846700000000004, 0.039064, 0.0135201, -0.000528599, 0.999145, -0.01, 0.01, 0.01
Object, OZ_40_ks_poster03D, 28.8728, 1.59, -2.60844, 0.0, 0.0261769, 0.0, 0.999657, -0.01, 0.01, 0.01
Object, OZ_40_ks_poster03C, 32.5021, 1.59, -2.7992899999999996, 0.039064, 0.0135201, -0.000528599, 0.999145, -0.01, 0.01, 0.01
Object, OZ_40_ks_poster03A, 34.8569, 1.59, -2.9208, 0.0, 0.0417065, 0.0, 0.99913, -0.01, 0.01, 0.01
Object, OZ_40_ks_poster03A, 35.0332, 1.59, 0.603422, 0.0, 0.999657, 0.0, -0.026177, -0.01, 0.01, 0.01
Object, OZ_40_ks_poster03A, 14.7024, 1.59, 1.66105, 0.0, 0.99913, 0.0, -0.0417065, -0.01, 0.01, 0.01
Object, OZ_40_ks_poster03C, 29.0581, 1.59, 0.9106019999999999, -0.000528599, 0.999145, -0.039064, -0.0135201, -0.01, 0.01, 0.01
Object, OZ_40_ks_poster03C, 23.0606, 1.59, 1.22492, -0.000528599, 0.999145, -0.039064, -0.0135201, -0.01, 0.01, 0.01
Object, OZ_40_ks_poster03C, 17.0572, 1.59, 1.5395400000000001, -0.000528599, 0.999145, -0.039064, -0.0135201, -0.01, 0.01, 0.01
Object, OZ_40_ks_poster03D, 32.6874, 1.59, 0.719748, 0.0, 0.999657, 0.0, -0.026177, -0.01, 0.01, 0.01
Object, OZ_40_ks_poster03D, 26.689899999999998, 1.59, 1.03406, 0.0, 0.999657, 0.0, -0.026177, -0.01, 0.01, 0.01
Object, OZ_40_ks_poster03D, 20.686500000000002, 1.59, 1.34869, 0.0, 0.999657, 0.0, -0.026177, -0.01, 0.01, 0.01
Object, OZ_40_ks_poster02B, 23.7117, 2.54316, -2.11381, 0.0, 0.0261769, 0.0, 0.999657, -0.01, 0.01, 0.01
Object, OZ_40_ks_poster02A, 25.7042, 2.54316, -2.21823, 0.0, 0.0261769, 0.0, 0.999657, -0.01, 0.01, 0.01
Object, OZ_40_ks_poster02B, 29.7035, 2.54316, -2.42782, 0.0, 0.0261769, 0.0, 0.999657, -0.01, 0.01, 0.01
Object, OZ_40_ks_poster02A, 31.696, 2.54316, -2.53225, 0.0, 0.0261769, 0.0, 0.999657, -0.01, 0.01, 0.01
Object, OZ_40_ks_poster02C, 35.6989, 2.54316, -2.7420299999999997, 0.0, 0.0261769, 0.0, 0.999657, -0.01, 0.01, 0.01
Object, OZ_40_ks_poster02A, 29.8673, 2.54316, 0.639822, 0.0, 0.999657, 0.0, -0.026177, -0.01, 0.01, 0.01
Object, OZ_40_ks_poster02A, 23.875500000000002, 2.54316, 0.953839, 0.0, 0.999657, 0.0, -0.026177, -0.01, 0.01, 0.01
Object, OZ_40_ks_poster02A, 17.8837, 2.54316, 1.26786, 0.0, 0.999657, 0.0, -0.026177, -0.01, 0.01, 0.01
Object, OZ_40_ks_poster02B, 31.8598, 2.54316, 0.535395, 0.0, 0.999657, 0.0, -0.026177, -0.01, 0.01, 0.01
Object, OZ_40_ks_poster02B, 25.868000000000002, 2.54316, 0.849412, 0.0, 0.999657, 0.0, -0.026177, -0.01, 0.01, 0.01
Object, OZ_40_ks_poster02B, 19.8763, 2.54316, 1.16343, 0.0, 0.999657, 0.0, -0.026177, -0.01, 0.01, 0.01
Object, OZ_40_ks_poster02C, 13.785499999999999, 2.54316, 1.53297, 0.0, 1.0, 0.0, 0.0, -0.01, 0.01, 0.01
Object, OZ_40_be_pipe01C, 15.7959, 0.0, -0.157801, 0.0, 0.0261769, 0.0, 0.999657, -0.01, 0.01, 0.01
Object, OZ_40_be_pipe01C, 27.7795, 0.0, -0.7858320000000001, 0.0, 0.0261769, 0.0, 0.999657, -0.01, 0.01, 0.01
Object, OZ_40_be_pipe01C, 33.7712, 0.0, -1.09985, 0.0, 0.0261769, 0.0, 0.999657, -0.01, 0.01, 0.01
Object, OZ_40_ks_obj01B, 21.5138, 2.154, 0.29863, 0.0, 0.0261769, 0.0, 0.999657, -0.01, 0.01, 0.01
Object, OZ_40_ks_obj01B, 22.4663, 2.154, 0.24870799999999998, 0.0, 0.0261769, 0.0, 0.999657, -0.01, 0.01, 0.01
Object, OZ_40_be_trdoor01A, 15.7959, -2.65943e-06, -0.157801, 0.0, 0.0261772, 0.0, 0.999657, -0.01, 0.01, 0.01
Object, OZ_40_ks_poster03D, 36.7035, 1.5165700000000002, -2.25584, -0.0316404, -0.687699, -0.0300256, 0.724684, -0.01, 0.01, 0.01
Object, OZ_40_ks_poster01D, 36.7207, 2.5613400000000004, -1.26065, 0.0, 0.999657, 0.0, -0.026177, -0.01, 0.01, 0.01
Object, OZ_40_ks_poster01D, 12.843, 2.5613400000000004, 0.074944, 0.0, 0.0261772, 0.0, 0.999657, -0.01, 0.01, 0.01
Object, OZ_40_ks_chair01A, 24.783600000000003, 7.62939e-08, -0.628825, 0.0, 0.0261772, 0.0, 0.999657, -0.01, 0.01, 0.01
Object, OZ_40_ks_poster03B, 36.8136, 1.50703, -0.21219000000000002, 0.0, -0.688355, 0.0, 0.725374, -0.01, 0.01, 0.01
Object, OZ_40_be_trdoor01A, 15.7959, -2.65943e-06, -0.157801, 0.0, 0.999657, 0.0, -0.0261768, -0.01, 0.01, 0.01
Object, OZ_40_be_trdoor01A, 21.7877, -2.65943e-06, -0.471816, 0.0, 0.999657, 0.0, -0.0261768, -0.01, 0.01, 0.01
Object, OZ_40_be_trdoor01A, 21.7877, -2.65943e-06, -0.471816, 0.0, 0.0261772, 0.0, 0.999657, -0.01, 0.01, 0.01
Object, OZ_40_be_trdoor01A, 27.7795, -2.65943e-06, -0.7858320000000001, 0.0, 0.999657, 0.0, -0.0261768, -0.01, 0.01, 0.01
Object, OZ_40_be_trdoor01A, 27.7795, -2.65943e-06, -0.7858320000000001, 0.0, 0.0261772, 0.0, 0.999657, -0.01, 0.01, 0.01
Object, OZ_40_be_trdoor01A, 33.7712, -2.65943e-06, -1.09985, 0.0, 0.999657, 0.0, -0.0261768, -0.01, 0.01, 0.01
Object, OZ_40_be_trdoor01A, 33.7712, -2.65943e-06, -1.09985, 0.0, 0.0261772, 0.0, 0.999657, -0.01, 0.01, 0.01
Object, OZ_40_be_trmid01A, 18.791800000000002, 6.516510000000001e-08, -0.314809, 0.0, 0.999657, 0.0, -0.026177, -0.01, 0.01, 0.01
Object, OZ_40_be_trmid01A, 24.783600000000003, 6.516510000000001e-08, -0.6288239999999999, 0.0, 0.999657, 0.0, -0.026177, -0.01, 0.01, 0.01
Object, OZ_40_be_trmid01A, 24.783600000000003, 6.516510000000001e-08, -0.6288239999999999, 0.0, 0.0261769, 0.0, 0.999657, -0.01, 0.01, 0.01
Object, OZ_40_be_trmid01A, 30.7754, 6.516510000000001e-08, -0.9428400000000001, 0.0, 0.999657, 0.0, -0.026177, -0.01, 0.01, 0.01
Object, OZ_40_be_trmid01A, 30.7754, 6.516510000000001e-08, -0.9428400000000001, 0.0, 0.0261769, 0.0, 0.999657, -0.01, 0.01, 0.01
Object, OZ_40_ks_obj01B, 34.3452, 2.1569, -1.88854, 0.0, 0.0261769, 0.0, 0.999657, -0.01, 0.01, 0.01
Object, OZ_40_ks_obj01B, 33.4445, 2.1569, -1.8413300000000001, 0.0, 0.0261769, 0.0, 0.999657, -0.01, 0.01, 0.01
Object, OZ_40_ks_obj01B, 34.4244, 2.154, -0.37798499999999996, 0.0, 0.0261769, 0.0, 0.999657, -0.01, 0.01, 0.01
Object, OZ_40_ks_obj01B, 33.5236, 2.154, -0.330779, 0.0, 0.0261769, 0.0, 0.999657, -0.01, 0.01, 0.01
Object, OZ_40_ks_obj01B, 28.4521, 2.1569, -1.57969, 0.0, 0.0261769, 0.0, 0.999657, -0.01, 0.01, 0.01
Object, OZ_40_ks_obj01B, 27.5513, 2.1569, -1.53249, 0.0, 0.0261769, 0.0, 0.999657, -0.01, 0.01, 0.01
Object, OZ_40_ks_obj01B, 28.5312, 2.154, -0.06913820000000001, 0.0, 0.0261769, 0.0, 0.999657, -0.01, 0.01, 0.01
Object, OZ_40_ks_obj01B, 27.6305, 2.154, -0.021933400000000002, 0.0, 0.0261769, 0.0, 0.999657, -0.01, 0.01, 0.01
Object, OZ_40_ks_obj01B, 22.4052, 2.1569, -1.26279, 0.0, 0.0261769, 0.0, 0.999657, -0.01, 0.01, 0.01
Object, OZ_40_ks_obj01B, 21.5045, 2.1569, -1.21559, 0.0, 0.0261769, 0.0, 0.999657, -0.01, 0.01, 0.01
Object, OZ_40_ks_obj01B, 16.3412, 2.1569, -0.9449890000000001, 0.0, 0.0261769, 0.0, 0.999657, -0.01, 0.01, 0.01
Object, OZ_40_ks_obj01B, 15.4405, 2.1569, -0.897784, 0.0, 0.0261769, 0.0, 0.999657, -0.01, 0.01, 0.01
Object, OZ_40_ks_obj01B, 16.4203, 2.1569, 0.565134, 0.0, 0.0261769, 0.0, 0.999657, -0.01, 0.01, 0.01
Object, OZ_40_ks_obj01B, 15.5196, 2.1569, 0.612339, 0.0, 0.0261769, 0.0, 0.999657, -0.01, 0.01, 0.01
Object, OZ_40_ks_obj02A, 24.783600000000003, 0.0, -0.6288239999999999, 0.0, 0.0261769, 0.0, 0.999657, -0.01, 0.01, 0.01
Object, OZ_40_ks_obj02A, 30.7754, 0.0, -0.9428400000000001, 0.0, 0.0261769, 0.0, 0.999657, -0.01, 0.01, 0.01
Object, OZ_40_ks_obj02B, 35.7648, 0.0, -1.2043300000000001, 0.0, 0.999657, 0.0, -0.026177, -0.01, 0.01, 0.01
Object, OZ_40_be_trside01B, 11.0, -2.9375600000000002e-06, -1.2207e-06, 0.0, 0.0, 0.0, 1.0, -0.01, 0.01, 0.01
Object, OZ_40_be_trwin01A, 24.7848, 0.0, -0.628888, 0.0, 0.0261769, 0.0, 0.999657, -0.01, 0.01, 0.01
Object, OZ_40_be_trwin01A, -24.7829, 0.0, -0.62967, 0.0, -0.0261769, 0.0, 0.999657, -0.01, 0.01, 0.01
Object, OZ_40_be_fence01A, 0.0, -0.0476587, 8.98793, 0.0, 0.0, 0.0, 1.0, -0.01, 0.01, 0.01
Object, OZ_40_be_rail01A, 0.00106567, -1.50032, -13.6827, 0.0, 0.0, 0.0, 1.0, -0.01, 0.01, 0.01
Object, OZ_40_be_round01A, 0.0, 0.0, 3.9133600000000004, 0.0, 0.0, 0.0, 1.0, -0.01, 0.01, 0.01
Object, OZ_40_be_round01A, 142.36, -2.4414100000000003e-06, -14.829, 0.0, 0.130526, 0.0, 0.991445, -0.01, 0.01, 0.01
Object, OZ_40_be_round01A, 275.019, -4.88281e-06, -69.7783, 0.0, 0.258819, 0.0, 0.965926, -0.01, 0.01, 0.01
Object, OZ_40_be_round01A, -142.36100000000002, 4.88281e-06, -14.8285, 0.0, -0.130526, 0.0, 0.991445, -0.01, 0.01, 0.01
Object, OZ_40_be_round01A, -275.019, 9.76563e-06, -69.7774, 0.0, -0.258819, 0.0, 0.965926, -0.01, 0.01, 0.01
Object, OZ_40_be_Stree01B, 8.0, 2.3052099999999998, -10.0888, 0.0, 0.0, 0.0, 1.0, -0.01, 0.01, 0.01
Object, OZ_40_be_water01A, 0.0, 0.0, 3.9133600000000004, 0.0, 0.0, 0.0, 1.0, -0.01, 0.01, 0.01
Object, OZ_40_be_water01A, 142.222, -2.4414100000000003e-06, -14.8105, 0.0, 0.130526, 0.0, 0.991445, -0.01, 0.01, 0.01
Object, OZ_40_be_water01A, 274.47700000000003, 0.0172095, -69.82050000000001, 0.0, 0.258819, 0.0, 0.965926, -0.01, 0.01, 0.01
Object, OZ_40_be_water01A, -142.222, 2.4414100000000003e-06, -14.8105, 0.0, -0.130526, 0.0, 0.991445, -0.01, 0.01, 0.01
Object, OZ_40_be_water01A, -274.752, 4.88281e-06, -69.7063, 0.0, -0.258819, 0.0, 0.965926, -0.01, 0.01, 0.01
Object, OZ_40_ks_obj01C, 4.77069, 2.15564, -0.7578199999999999, 0.0, 0.0, 0.0, 1.0, -0.01, 0.01, 0.01
Object, OZ_40_ks_obj01C, 7.160119999999999, 2.15564, -0.7578199999999999, 0.0, 0.0, 0.0, 1.0, -0.01, 0.01, 0.01
Object, OZ_40_ks_obj01C, 5.74467, 2.15564, 0.7548, 0.0, 1.0, 0.0, 0.0, -0.01, 0.01, 0.01
Object, OZ_40_ks_obj01C, 1.21502, 2.15564, 0.7548, 0.0, 1.0, 0.0, 0.0, -0.01, 0.01, 0.01
Object, OZ_40_ks_obj01C, -1.26264, 2.15564, 0.7548, 0.0, 1.0, 0.0, 0.0, -0.01, 0.01, 0.01
Object, OZ_40_ks_obj01C, -7.20425, 2.15564, 0.7548, 0.0, 1.0, 0.0, 0.0, -0.01, 0.01, 0.01
Distant, OZ_60_be_enk01A, 0.0, 40.2743, -1.67302e-06, 0.0, 0.0, 0.0, 1.0, -0.01, 0.01, 0.01
Distant, OZ_60_be_bill01A, 0.0, -3.33394, -4.01554e-07, 0.0, 0.0, 0.0, 1.0, -0.01, 0.01, 0.01
