Map, FZ_T01_road01_AAA, -140.0, 0, -300.0, 0, 0.0, 0, 1.0, -0.01, 0.01, 0.01
Map, FZ_T01_road01_AAA, -180.0, 0, -300.0, 0, 0.0, 0, 1.0, -0.01, 0.01, 0.01
Map, FZ_T01_road01_AAA, -220.0, 0, -300.0, 0, 0.0, 0, 1.0, -0.01, 0.01, 0.01
Map, FZ_T01_road01_AAB, -100.0, 0, -300.0, 0, 0.0, 0, 1.0, -0.01, 0.01, 0.01
Map, FZ_T01_road01_AAC, -60.0, 0, -300.0, 0, 0.0, 0, 1.0, -0.01, 0.01, 0.01
Map, FZ_T01_road01_AAD, -20.0, 0, -300.0, 0, 0.0, 0, 1.0, -0.01, 0.01, 0.01
Map, FZ_T01_road01_AAE, 20.0, 0, -300.0, 0, 0.0, 0, 1.0, -0.01, 0.01, 0.01
Map, FZ_T01_road01_AAF, 60.0, 0, -300.0, 0, 0.0, 0, 1.0, -0.01, 0.01, 0.01
Map, FZ_T01_road01_AAG, 100.0, 0, -300.0, 0, 0.0, 0, 1.0, -0.01, 0.01, 0.01
Map, FZ_T01_road01_AAG, 140.0, 0, -300.0, 0, 0.0, 0, 1.0, -0.01, 0.01, 0.01
Map, FZ_T01_road01_AAG, 180.0, 0, -300.0, 0, 0.0, 0, 1.0, -0.01, 0.01, 0.01
Map, FZ_T01_road01_AAG, 220.0, 0, -300.0, 0, 0.0, 0, 1.0, -0.01, 0.01, 0.01
Map, FZ_T01_road01_AAH, -140.0, 0, -260.0, 0, 0.0, 0, 1.0, -0.01, 0.01, 0.01
Map, FZ_T01_road01_AAI, -100.0, 0, -260.0, 0, 0.0, 0, 1.0, -0.01, 0.01, 0.01
Map, FZ_T01_road01_AAJ, -60.0, 0, -260.0, 0, 0.0, 0, 1.0, -0.01, 0.01, 0.01
Map, FZ_T01_road01_AAK, -20.0, 0, -260.0, 0, 0.0, 0, 1.0, -0.01, 0.01, 0.01
Map, FZ_T01_road01_AAL, 20.0, 0, -260.0, 0, 0.0, 0, 1.0, -0.01, 0.01, 0.01
Map, FZ_T01_road01_AAM, 60.0, 0, -260.0, 0, 0.0, 0, 1.0, -0.01, 0.01, 0.01
Map, FZ_T01_road01_AAN, 100.0, 0, -260.0, 0, 0.0, 0, 1.0, -0.01, 0.01, 0.01
Map, FZ_T01_road01_AAN, 140.0, 0, -260.0, 0, 0.0, 0, 1.0, -0.01, 0.01, 0.01
Map, FZ_T01_road01_AAN, 180.0, 0, -260.0, 0, 0.0, 0, 1.0, -0.01, 0.01, 0.01
Map, FZ_T01_road01_AAN, 220.0, 0, -260.0, 0, 0.0, 0, 1.0, -0.01, 0.01, 0.01
Map, FZ_T01_road01_AAO, -140.0, 0, -220.0, 0, 0.0, 0, 1.0, -0.01, 0.01, 0.01
Map, FZ_T01_road01_AAP, -100.0, 0, -220.0, 0, 0.0, 0, 1.0, -0.01, 0.01, 0.01
Map, FZ_T01_road01_AAQ, -60.0, 0, -220.0, 0, 0.0, 0, 1.0, -0.01, 0.01, 0.01
Map, FZ_T01_road01_AAR, -20.0, 0, -220.0, 0, 0.0, 0, 1.0, -0.01, 0.01, 0.01
Map, FZ_T01_road01_AAS, 20.0, 0, -220.0, 0, 0.0, 0, 1.0, -0.01, 0.01, 0.01
Map, FZ_T01_road01_AAT, 60.0, 0, -220.0, 0, 0.0, 0, 1.0, -0.01, 0.01, 0.01
Map, FZ_T01_road01_AAU, 100.0, 0, -220.0, 0, 0.0, 0, 1.0, -0.01, 0.01, 0.01
Map, FZ_T01_road01_AAV, -140.0, 0, -180.0, 0, 0.0, 0, 1.0, -0.01, 0.01, 0.01
Map, FZ_T01_road01_AAW, -100.0, 0, -180.0, 0, 0.0, 0, 1.0, -0.01, 0.01, 0.01
Map, FZ_T01_road01_AAX, -60.0, 0, -180.0, 0, 0.0, 0, 1.0, -0.01, 0.01, 0.01
Map, FZ_T01_road01_AAY, -20.0, 0, -180.0, 0, 0.0, 0, 1.0, -0.01, 0.01, 0.01
Map, FZ_T01_road01_AAZ, 20.0, 0, -180.0, 0, 0.0, 0, 1.0, -0.01, 0.01, 0.01
Map, FZ_T01_road01_ABA, 60.0, 0, -180.0, 0, 0.0, 0, 1.0, -0.01, 0.01, 0.01
Map, FZ_T01_road01_ABB, 100.0, 0, -180.0, 0, 0.0, 0, 1.0, -0.01, 0.01, 0.01
Map, FZ_T01_road01_ABC, -260.0, 0, -140.0, 0, 0.0, 0, 1.0, -0.01, 0.01, 0.01
Map, FZ_T01_road01_ABC, -260.0, 0, -60.0, 0, 0.0, 0, 1.0, -0.01, 0.01, 0.01
Map, FZ_T01_road01_ABC, -260.0, 0, -180.0, 0, 0.0, 0, 1.0, -0.01, 0.01, 0.01
Map, FZ_T01_road01_ABC, -260.0, 0, -20.0, 0, 0.0, 0, 1.0, -0.01, 0.01, 0.01
Map, FZ_T01_road01_ABC, -260.0, 0, -220.0, 0, 0.0, 0, 1.0, -0.01, 0.01, 0.01
Map, FZ_T01_road01_ABC, -260.0, 0, -260.0, 0, 0.0, 0, 1.0, -0.01, 0.01, 0.01
Map, FZ_T01_road01_ABC, -260.0, 0, -300.0, 0, 0.0, 0, 1.0, -0.01, 0.01, 0.01
Map, FZ_T01_road01_ABC, -260.0, 0, 20.0, 0, 0.0, 0, 1.0, -0.01, 0.01, 0.01
Map, FZ_T01_road01_ABC, -260.0, 0, 100.0, 0, 0.0, 0, 1.0, -0.01, 0.01, 0.01
Map, FZ_T01_road01_ABC, -260.0, 0, 60.0, 0, 0.0, 0, 1.0, -0.01, 0.01, 0.01
Map, FZ_T01_road01_ABC, -260.0, 0, 140.0, 0, 0.0, 0, 1.0, -0.01, 0.01, 0.01
Map, FZ_T01_road01_ABC, -260.0, 0, 180.0, 0, 0.0, 0, 1.0, -0.01, 0.01, 0.01
Map, FZ_T01_road01_ABC, -260.0, 0, 260.0, 0, 0.0, 0, 1.0, -0.01, 0.01, 0.01
Map, FZ_T01_road01_ABC, -260.0, 0, 220.0, 0, 0.0, 0, 1.0, -0.01, 0.01, 0.01
Map, FZ_T01_road01_ABC, -260.0, 0, 300.0, 0, 0.0, 0, 1.0, -0.01, 0.01, 0.01
Map, FZ_T01_road01_ABC, -260.0, 0, 340.0, 0, 0.0, 0, 1.0, -0.01, 0.01, 0.01
Map, FZ_T01_road01_ABD, -180.0, 0, -140.0, 0, 0.0, 0, 1.0, -0.01, 0.01, 0.01
Map, FZ_T01_road01_ABD, -220.0, 0, -140.0, 0, 0.0, 0, 1.0, -0.01, 0.01, 0.01
Map, FZ_T01_road01_ABD, -220.0, 0, -180.0, 0, 0.0, 0, 1.0, -0.01, 0.01, 0.01
Map, FZ_T01_road01_ABD, -220.0, 0, -220.0, 0, 0.0, 0, 1.0, -0.01, 0.01, 0.01
Map, FZ_T01_road01_ABD, -220.0, 0, -260.0, 0, 0.0, 0, 1.0, -0.01, 0.01, 0.01
Map, FZ_T01_road01_ABD, -180.0, 0, -260.0, 0, 0.0, 0, 1.0, -0.01, 0.01, 0.01
Map, FZ_T01_road01_ABD, -180.0, 0, -220.0, 0, 0.0, 0, 1.0, -0.01, 0.01, 0.01
Map, FZ_T01_road01_ABD, -180.0, 0, -180.0, 0, 0.0, 0, 1.0, -0.01, 0.01, 0.01
Map, FZ_T01_road01_ABD, 140.0, 0, -220.0, 0, 0.0, 0, 1.0, -0.01, 0.01, 0.01
Map, FZ_T01_road01_ABD, 140.0, 0, -180.0, 0, 0.0, 0, 1.0, -0.01, 0.01, 0.01
Map, FZ_T01_road01_ABD, 180.0, 0, -180.0, 0, 0.0, 0, 1.0, -0.01, 0.01, 0.01
Map, FZ_T01_road01_ABD, 180.0, 0, -220.0, 0, 0.0, 0, 1.0, -0.01, 0.01, 0.01
Map, FZ_T01_road01_ABD, 220.0, 0, -220.0, 0, 0.0, 0, 1.0, -0.01, 0.01, 0.01
Map, FZ_T01_road01_ABD, 220.0, 0, -180.0, 0, 0.0, 0, 1.0, -0.01, 0.01, 0.01
Map, FZ_T01_road01_ABD, 140.0, 0, 140.0, 0, 0.0, 0, 1.0, -0.01, 0.01, 0.01
Map, FZ_T01_road01_ABD, 100.0, 0, 140.0, 0, 0.0, 0, 1.0, -0.01, 0.01, 0.01
Map, FZ_T01_road01_ABD, -220.0, 0, 60.0, 0, 0.0, 0, 1.0, -0.01, 0.01, 0.01
Map, FZ_T01_road01_ABD, -220.0, 0, 100.0, 0, 0.0, 0, 1.0, -0.01, 0.01, 0.01
Map, FZ_T01_road01_ABD, -220.0, 0, 140.0, 0, 0.0, 0, 1.0, -0.01, 0.01, 0.01
Map, FZ_T01_road01_ABD, -220.0, 0, 180.0, 0, 0.0, 0, 1.0, -0.01, 0.01, 0.01
Map, FZ_T01_road01_ABD, -140.0, 0, 180.0, 0, 0.0, 0, 1.0, -0.01, 0.01, 0.01
Map, FZ_T01_road01_ABD, -100.0, 0, 180.0, 0, 0.0, 0, 1.0, -0.01, 0.01, 0.01
Map, FZ_T01_road01_ABD, -60.0, 0, 180.0, 0, 0.0, 0, 1.0, -0.01, 0.01, 0.01
Map, FZ_T01_road01_ABD, -20.0, 0, 180.0, 0, 0.0, 0, 1.0, -0.01, 0.01, 0.01
Map, FZ_T01_road01_ABD, 20.0, 0, 180.0, 0, 0.0, 0, 1.0, -0.01, 0.01, 0.01
Map, FZ_T01_road01_ABD, 20.0, 0, 140.0, 0, 0.0, 0, 1.0, -0.01, 0.01, 0.01
Map, FZ_T01_road01_ABD, -20.0, 0, 140.0, 0, 0.0, 0, 1.0, -0.01, 0.01, 0.01
Map, FZ_T01_road01_ABD, -60.0, 0, 140.0, 0, 0.0, 0, 1.0, -0.01, 0.01, 0.01
Map, FZ_T01_road01_ABD, -100.0, 0, 140.0, 0, 0.0, 0, 1.0, -0.01, 0.01, 0.01
Map, FZ_T01_road01_ABD, 220.0, 0, 180.0, 0, 0.0, 0, 1.0, -0.01, 0.01, 0.01
Map, FZ_T01_road01_ABD, -140.0, 0, 220.0, 0, 0.0, 0, 1.0, -0.01, 0.01, 0.01
Map, FZ_T01_road01_ABD, -140.0, 0, 260.0, 0, 0.0, 0, 1.0, -0.01, 0.01, 0.01
Map, FZ_T01_road01_ABD, -100.0, 0, 220.0, 0, 0.0, 0, 1.0, -0.01, 0.01, 0.01
Map, FZ_T01_road01_ABD, -100.0, 0, 260.0, 0, 0.0, 0, 1.0, -0.01, 0.01, 0.01
Map, FZ_T01_road01_ABD, -220.0, 0, 220.0, 0, 0.0, 0, 1.0, -0.01, 0.01, 0.01
Map, FZ_T01_road01_ABD, -220.0, 0, 260.0, 0, 0.0, 0, 1.0, -0.01, 0.01, 0.01
Map, FZ_T01_road01_ABD, -220.0, 0, 300.0, 0, 0.0, 0, 1.0, -0.01, 0.01, 0.01
Map, FZ_T01_road01_ABD, -220.0, 0, 340.0, 0, 0.0, 0, 1.0, -0.01, 0.01, 0.01
Map, FZ_T01_road01_ABD, -140.0, 0, 300.0, 0, 0.0, 0, 1.0, -0.01, 0.01, 0.01
Map, FZ_T01_road01_ABD, -140.0, 0, 340.0, 0, 0.0, 0, 1.0, -0.01, 0.01, 0.01
Map, FZ_T01_road01_ABD, -100.0, 0, 340.0, 0, 0.0, 0, 1.0, -0.01, 0.01, 0.01
Map, FZ_T01_road01_ABD, -100.0, 0, 300.0, 0, 0.0, 0, 1.0, -0.01, 0.01, 0.01
Map, FZ_T01_road01_ABD, -60.0, 0, 220.0, 0, 0.0, 0, 1.0, -0.01, 0.01, 0.01
Map, FZ_T01_road01_ABD, -60.0, 0, 260.0, 0, 0.0, 0, 1.0, -0.01, 0.01, 0.01
Map, FZ_T01_road01_ABD, -20.0, 0, 220.0, 0, 0.0, 0, 1.0, -0.01, 0.01, 0.01
Map, FZ_T01_road01_ABD, -20.0, 0, 260.0, 0, 0.0, 0, 1.0, -0.01, 0.01, 0.01
Map, FZ_T01_road01_ABD, 20.0, 0, 260.0, 0, 0.0, 0, 1.0, -0.01, 0.01, 0.01
Map, FZ_T01_road01_ABD, 20.0, 0, 220.0, 0, 0.0, 0, 1.0, -0.01, 0.01, 0.01
Map, FZ_T01_road01_ABE, -140.0, 0, -140.0, 0, 0.0, 0, 1.0, -0.01, 0.01, 0.01
Map, FZ_T01_road01_ABF, -100.0, 0, -140.0, 0, 0.0, 0, 1.0, -0.01, 0.01, 0.01
Map, FZ_T01_road01_ABG, -60.0, 0, -140.0, 0, 0.0, 0, 1.0, -0.01, 0.01, 0.01
Map, FZ_T01_road01_ABH, -20.0, 0, -140.0, 0, 0.0, 0, 1.0, -0.01, 0.01, 0.01
Map, FZ_T01_road01_ABI, 20.0, 0, -140.0, 0, 0.0, 0, 1.0, -0.01, 0.01, 0.01
Map, FZ_T01_road01_ABJ, 60.0, 0, -140.0, 0, 0.0, 0, 1.0, -0.01, 0.01, 0.01
Map, FZ_T01_road01_ABK, 100.0, 0, -140.0, 0, 0.0, 0, 1.0, -0.01, 0.01, 0.01
Map, FZ_T01_road01_ABL, 140.0, 0, -140.0, 0, 0.0, 0, 1.0, -0.01, 0.01, 0.01
Map, FZ_T01_road01_ABM, 180.0, 0, -140.0, 0, 0.0, 0, 1.0, -0.01, 0.01, 0.01
Map, FZ_T01_road01_ABN, 220.0, 0, -140.0, 0, 0.0, 0, 1.0, -0.01, 0.01, 0.01
Map, FZ_T01_road01_ABO, -300.0, 0, -100.0, 0, 0.0, 0, 1.0, -0.01, 0.01, 0.01
Map, FZ_T01_road01_ABO, -300.0, 0, -140.0, 0, 0.0, 0, 1.0, -0.01, 0.01, 0.01
Map, FZ_T01_road01_ABO, -300.0, 0, -180.0, 0, 0.0, 0, 1.0, -0.01, 0.01, 0.01
Map, FZ_T01_road01_ABO, -300.0, 0, -60.0, 0, 0.0, 0, 1.0, -0.01, 0.01, 0.01
Map, FZ_T01_road01_ABO, -300.0, 0, -20.0, 0, 0.0, 0, 1.0, -0.01, 0.01, 0.01
Map, FZ_T01_road01_ABO, -300.0, 0, -220.0, 0, 0.0, 0, 1.0, -0.01, 0.01, 0.01
Map, FZ_T01_road01_ABO, -300.0, 0, -300.0, 0, 0.0, 0, 1.0, -0.01, 0.01, 0.01
Map, FZ_T01_road01_ABO, -300.0, 0, -260.0, 0, 0.0, 0, 1.0, -0.01, 0.01, 0.01
Map, FZ_T01_road01_ABO, -300.0, 0, 20.0, 0, 0.0, 0, 1.0, -0.01, 0.01, 0.01
Map, FZ_T01_road01_ABO, -300.0, 0, 60.0, 0, 0.0, 0, 1.0, -0.01, 0.01, 0.01
Map, FZ_T01_road01_ABO, -300.0, 0, 100.0, 0, 0.0, 0, 1.0, -0.01, 0.01, 0.01
Map, FZ_T01_road01_ABO, -300.0, 0, 140.0, 0, 0.0, 0, 1.0, -0.01, 0.01, 0.01
Map, FZ_T01_road01_ABO, -300.0, 0, 180.0, 0, 0.0, 0, 1.0, -0.01, 0.01, 0.01
Map, FZ_T01_road01_ABO, -300.0, 0, 220.0, 0, 0.0, 0, 1.0, -0.01, 0.01, 0.01
Map, FZ_T01_road01_ABO, -300.0, 0, 260.0, 0, 0.0, 0, 1.0, -0.01, 0.01, 0.01
Map, FZ_T01_road01_ABO, -300.0, 0, 300.0, 0, 0.0, 0, 1.0, -0.01, 0.01, 0.01
Map, FZ_T01_road01_ABO, -300.0, 0, 340.0, 0, 0.0, 0, 1.0, -0.01, 0.01, 0.01
Map, FZ_T01_road01_ABP, -260.0, 0, -100.0, 0, 0.0, 0, 1.0, -0.01, 0.01, 0.01
Map, FZ_T01_road01_ABQ, -220.0, 0, -100.0, 0, 0.0, 0, 1.0, -0.01, 0.01, 0.01
Map, FZ_T01_road01_ABR, -180.0, 0, -100.0, 0, 0.0, 0, 1.0, -0.01, 0.01, 0.01
Map, FZ_T01_road01_ABS, -140.0, 0, -100.0, 0, 0.0, 0, 1.0, -0.01, 0.01, 0.01
Map, FZ_T01_road01_ABT, -100.0, 0, -100.0, 0, 0.0, 0, 1.0, -0.01, 0.01, 0.01
Map, FZ_T01_road01_ABU, -60.0, 0, -100.0, 0, 0.0, 0, 1.0, -0.01, 0.01, 0.01
Map, FZ_T01_road01_ABV, -20.0, 0, -100.0, 0, 0.0, 0, 1.0, -0.01, 0.01, 0.01
Map, FZ_T01_road01_ABW, 20.0, 0, -100.0, 0, 0.0, 0, 1.0, -0.01, 0.01, 0.01
Map, FZ_T01_road01_ABX, 60.0, 0, -100.0, 0, 0.0, 0, 1.0, -0.01, 0.01, 0.01
Map, FZ_T01_road01_ABY, 100.0, 0, -100.0, 0, 0.0, 0, 1.0, -0.01, 0.01, 0.01
Map, FZ_T01_road01_ABZ, 140.0, 0, -100.0, 0, 0.0, 0, 1.0, -0.01, 0.01, 0.01
Map, FZ_T01_road01_ACA, 180.0, 0, -100.0, 0, 0.0, 0, 1.0, -0.01, 0.01, 0.01
Map, FZ_T01_road01_ACB, 220.0, 0, -100.0, 0, 0.0, 0, 1.0, -0.01, 0.01, 0.01
Map, FZ_T01_road01_ACC, -220.0, 0, -60.0, 0, 0.0, 0, 1.0, -0.01, 0.01, 0.01
Map, FZ_T01_road01_ACD, -180.0, 0, -60.0, 0, 0.0, 0, 1.0, -0.01, 0.01, 0.01
Map, FZ_T01_road01_ACE, -140.0, 0, -60.0, 0, 0.0, 0, 1.0, -0.01, 0.01, 0.01
Map, FZ_T01_road01_ACF, -100.0, 0, -60.0, 0, 0.0, 0, 1.0, -0.01, 0.01, 0.01
Map, FZ_T01_road01_ACG, -60.0, 0, -60.0, 0, 0.0, 0, 1.0, -0.01, 0.01, 0.01
Map, FZ_T01_road01_ACH, -20.0, 0, -60.0, 0, 0.0, 0, 1.0, -0.01, 0.01, 0.01
Map, FZ_T01_road01_ACI, 20.0, 0, -60.0, 0, 0.0, 0, 1.0, -0.01, 0.01, 0.01
Map, FZ_T01_road01_ACJ, 60.0, 0, -60.0, 0, 0.0, 0, 1.0, -0.01, 0.01, 0.01
Map, FZ_T01_road01_ACK, 100.0, 0, -60.0, 0, 0.0, 0, 1.0, -0.01, 0.01, 0.01
Map, FZ_T01_road01_ACL, 140.0, 0, -60.0, 0, 0.0, 0, 1.0, -0.01, 0.01, 0.01
Map, FZ_T01_road01_ACM, 180.0, 0, -60.0, 0, 0.0, 0, 1.0, -0.01, 0.01, 0.01
Map, FZ_T01_road01_ACN, 220.0, 0, -60.0, 0, 0.0, 0, 1.0, -0.01, 0.01, 0.01
Map, FZ_T01_road01_ACO, 260.0, 0, -60.0, 0, 0.0, 0, 1.0, -0.01, 0.01, 0.01
Map, FZ_T01_road01_ACO, 300.0, 0, -60.0, 0, 0.0, 0, 1.0, -0.01, 0.01, 0.01
Map, FZ_T01_road01_ACO, 340.0, 0, -60.0, 0, 0.0, 0, 1.0, -0.01, 0.01, 0.01
Map, FZ_T01_road01_ACO, 380.0, 0, -60.0, 0, 0.0, 0, 1.0, -0.01, 0.01, 0.01
Map, FZ_T01_road01_ACO, 420.0, 0, -60.0, 0, 0.0, 0, 1.0, -0.01, 0.01, 0.01
Map, FZ_T01_road01_ACP, -220.0, 0, -20.0, 0, 0.0, 0, 1.0, -0.01, 0.01, 0.01
Map, FZ_T01_road01_ACQ, -180.0, 0, -20.0, 0, 0.0, 0, 1.0, -0.01, 0.01, 0.01
Map, FZ_T01_road01_ACR, -140.0, 0, -20.0, 0, 0.0, 0, 1.0, -0.01, 0.01, 0.01
Map, FZ_T01_road01_ACS, -100.0, 0, -20.0, 0, 0.0, 0, 1.0, -0.01, 0.01, 0.01
Map, FZ_T01_road01_ACT, -60.0, 0, -20.0, 0, 0.0, 0, 1.0, -0.01, 0.01, 0.01
Map, FZ_T01_road01_ACU, -20.0, 0, -20.0, 0, 0.0, 0, 1.0, -0.01, 0.01, 0.01
Map, FZ_T01_road01_ACV, 20.0, 0, -20.0, 0, 0.0, 0, 1.0, -0.01, 0.01, 0.01
Map, FZ_T01_road01_ACW, 60.0, 0, -20.0, 0, 0.0, 0, 1.0, -0.01, 0.01, 0.01
Map, FZ_T01_road01_ACX, 100.0, 0, -20.0, 0, 0.0, 0, 1.0, -0.01, 0.01, 0.01
Map, FZ_T01_road01_ACY, 140.0, 0, -20.0, 0, 0.0, 0, 1.0, -0.01, 0.01, 0.01
Map, FZ_T01_road01_ACZ, 180.0, 0, -20.0, 0, 0.0, 0, 1.0, -0.01, 0.01, 0.01
Map, FZ_T01_road01_ADB, 260.0, 0, -20.0, 0, 0.0, 0, 1.0, -0.01, 0.01, 0.01
Map, FZ_T01_road01_ADB, 300.0, 0, -20.0, 0, 0.0, 0, 1.0, -0.01, 0.01, 0.01
Map, FZ_T01_road01_ADB, 340.0, 0, -20.0, 0, 0.0, 0, 1.0, -0.01, 0.01, 0.01
Map, FZ_T01_road01_ADB, 380.0, 0, -20.0, 0, 0.0, 0, 1.0, -0.01, 0.01, 0.01
Map, FZ_T01_road01_ADB, 420.0, 0, -20.0, 0, 0.0, 0, 1.0, -0.01, 0.01, 0.01
Map, FZ_T01_road01_ADA, 220.0, 0, -20.0, 0, 0.0, 0, 1.0, -0.01, 0.01, 0.01
Map, FZ_T01_road01_ADC, -220.0, 0, 20.0, 0, 0.0, 0, 1.0, -0.01, 0.01, 0.01
Map, FZ_T01_road01_ADD, -180.0, 0, 20.0, 0, 0.0, 0, 1.0, -0.01, 0.01, 0.01
Map, FZ_T01_road01_ADE, -140.0, 0, 20.0, 0, 0.0, 0, 1.0, -0.01, 0.01, 0.01
Map, FZ_T01_road01_ADF, -100.0, 0, 20.0, 0, 0.0, 0, 1.0, -0.01, 0.01, 0.01
Map, FZ_T01_road01_ADG, -60.0, 0, 20.0, 0, 0.0, 0, 1.0, -0.01, 0.01, 0.01
Map, FZ_T01_road01_ADH, -20.0, 0, 20.0, 0, 0.0, 0, 1.0, -0.01, 0.01, 0.01
Map, FZ_T01_road01_ADI, 20.0, 0, 20.0, 0, 0.0, 0, 1.0, -0.01, 0.01, 0.01
Map, FZ_T01_road01_ADJ, 60.0, 0, 20.0, 0, 0.0, 0, 1.0, -0.01, 0.01, 0.01
Map, FZ_T01_road01_ADK, 100.0, 0, 20.0, 0, 0.0, 0, 1.0, -0.01, 0.01, 0.01
Map, FZ_T01_road01_ADL, 140.0, 0, 20.0, 0, 0.0, 0, 1.0, -0.01, 0.01, 0.01
Map, FZ_T01_road01_ADM, 180.0, 0, 20.0, 0, 0.0, 0, 1.0, -0.01, 0.01, 0.01
Map, FZ_T01_road01_ADN, 220.0, 0, 20.0, 0, 0.0, 0, 1.0, -0.01, 0.01, 0.01
Map, FZ_T01_road01_ADO, -180.0, 0, 60.0, 0, 0.0, 0, 1.0, -0.01, 0.01, 0.01
Map, FZ_T01_road01_ADP, -140.0, 0, 60.0, 0, 0.0, 0, 1.0, -0.01, 0.01, 0.01
Map, FZ_T01_road01_ADQ, -100.0, 0, 60.0, 0, 0.0, 0, 1.0, -0.01, 0.01, 0.01
Map, FZ_T01_road01_ADR, -60.0, 0, 60.0, 0, 0.0, 0, 1.0, -0.01, 0.01, 0.01
Map, FZ_T01_road01_ADS, -20.0, 0, 60.0, 0, 0.0, 0, 1.0, -0.01, 0.01, 0.01
Map, FZ_T01_road01_ADT, 20.0, 0, 60.0, 0, 0.0, 0, 1.0, -0.01, 0.01, 0.01
Map, FZ_T01_road01_ADU, 60.0, 0, 60.0, 0, 0.0, 0, 1.0, -0.01, 0.01, 0.01
Map, FZ_T01_road01_ADV, 100.0, 0, 60.0, 0, 0.0, 0, 1.0, -0.01, 0.01, 0.01
Map, FZ_T01_road01_ADW, 140.0, 0, 60.0, 0, 0.0, 0, 1.0, -0.01, 0.01, 0.01
Map, FZ_T01_road01_ADX, 180.0, 0, 60.0, 0, 0.0, 0, 1.0, -0.01, 0.01, 0.01
Map, FZ_T01_road01_ADY, 220.0, 0, 60.0, 0, 0.0, 0, 1.0, -0.01, 0.01, 0.01
Map, FZ_T01_road01_ADZ, -180.0, 0, 100.0, 0, 0.0, 0, 1.0, -0.01, 0.01, 0.01
Map, FZ_T01_road01_AEA, -140.0, 0, 100.0, 0, 0.0, 0, 1.0, -0.01, 0.01, 0.01
Map, FZ_T01_road01_AEB, -100.0, 0, 100.0, 0, 0.0, 0, 1.0, -0.01, 0.01, 0.01
Map, FZ_T01_road01_AEC, -60.0, 0, 100.0, 0, 0.0, 0, 1.0, -0.01, 0.01, 0.01
Map, FZ_T01_road01_AED, -20.0, 0, 100.0, 0, 0.0, 0, 1.0, -0.01, 0.01, 0.01
Map, FZ_T01_road01_AEE, 20.0, 0, 100.0, 0, 0.0, 0, 1.0, -0.01, 0.01, 0.01
Map, FZ_T01_road01_AEF, 60.0, 0, 100.0, 0, 0.0, 0, 1.0, -0.01, 0.01, 0.01
Map, FZ_T01_road01_AEG, 100.0, 0, 100.0, 0, 0.0, 0, 1.0, -0.01, 0.01, 0.01
Map, FZ_T01_road01_AEH, 140.0, 0, 100.0, 0, 0.0, 0, 1.0, -0.01, 0.01, 0.01
Map, FZ_T01_road01_AEI, 180.0, 0, 100.0, 0, 0.0, 0, 1.0, -0.01, 0.01, 0.01
Map, FZ_T01_road01_AEJ, 220.0, 0, 100.0, 0, 0.0, 0, 1.0, -0.01, 0.01, 0.01
Map, FZ_T01_road01_AEK, -180.0, 0, 140.0, 0, 0.0, 0, 1.0, -0.01, 0.01, 0.01
Map, FZ_T01_road01_AEL, -140.0, 0, 140.0, 0, 0.0, 0, 1.0, -0.01, 0.01, 0.01
Map, FZ_T01_road01_AEM, 60.0, 0, 140.0, 0, 0.0, 0, 1.0, -0.01, 0.01, 0.01
Map, FZ_T01_road01_AEN, 180.0, 0, 140.0, 0, 0.0, 0, 1.0, -0.01, 0.01, 0.01
Map, FZ_T01_road01_AEO, 220.0, 0, 140.0, 0, 0.0, 0, 1.0, -0.01, 0.01, 0.01
Map, FZ_T01_road01_AEP, -180.0, 0, 180.0, 0, 0.0, 0, 1.0, -0.01, 0.01, 0.01
Map, FZ_T01_road01_AEP, -180.0, 0, 220.0, 0, 0.0, 0, 1.0, -0.01, 0.01, 0.01
Map, FZ_T01_road01_AEP, -180.0, 0, 260.0, 0, 0.0, 0, 1.0, -0.01, 0.01, 0.01
Map, FZ_T01_road01_AEP, -180.0, 0, 300.0, 0, 0.0, 0, 1.0, -0.01, 0.01, 0.01
Map, FZ_T01_road01_AEP, -180.0, 0, 340.0, 0, 0.0, 0, 1.0, -0.01, 0.01, 0.01
Map, FZ_T01_road01_AEQ, 60.0, 0, 180.0, 0, 0.0, 0, 1.0, -0.01, 0.01, 0.01
Map, FZ_T01_road01_AER, 100.0, 0, 180.0, 0, 0.0, 0, 1.0, -0.01, 0.01, 0.01
Map, FZ_T01_road01_AES, 140.0, 0, 180.0, 0, 0.0, 0, 1.0, -0.01, 0.01, 0.01
Map, FZ_T01_road01_AET, 180.0, 0, 180.0, 0, 0.0, 0, 1.0, -0.01, 0.01, 0.01
Object, OZ_00_ma_Dcherry01A, 106.72, 4.1053500000000005, -158.523, 0.0, -0.627536, 0.0, 0.778588, -0.01, 0.01, 0.01
Object, OZ_00_ma_Dcherry01A, 100.822, 4.1053500000000005, -137.662, 0.0, -0.627536, 0.0, 0.778588, -0.01, 0.01, 0.01
Object, OZ_00_ma_Dcherry01A, 184.769, 4.1053500000000005, -130.925, 0.0, 0.735834, 0.0, 0.677162, -0.01, 0.01, 0.01
Object, OZ_00_ma_Dcherry01A, 122.34700000000001, 4.1053500000000005, -271.578, 0.0, -0.313959, 0.0, 0.949436, -0.01, 0.01, 0.01
Object, OZ_00_ma_Dcherry01A, 81.3958, 4.1053500000000005, -269.515, 0.0, -0.0923357, 0.0, 0.995728, -0.01, 0.01, 0.01
Object, OZ_00_ma_Dcherry01A, 112.135, 4.1053500000000005, -266.784, 0.0, 0.439815, 0.0, 0.898088, -0.01, 0.01, 0.01
Object, OZ_00_ma_Dcherry01A, 140.836, 4.1053500000000005, -268.342, 0.0, 0.226517, 0.0, 0.974007, -0.01, 0.01, 0.01
Object, OZ_00_ma_Dcherry01A, 155.122, 4.1053500000000005, -267.267, 0.0, 0.439815, 0.0, 0.898088, -0.01, 0.01, 0.01
Object, OZ_00_ma_Dcherry01A, 178.93900000000002, 4.1053500000000005, -261.767, 0.0, 0.981491, 0.0, 0.191507, -0.01, 0.01, 0.01
Object, OZ_00_ma_Dcherry01A, 165.633, 4.1053500000000005, -268.991, 0.0, 0.913256, 0.0, 0.407386, -0.01, 0.01, 0.01
Object, OZ_00_ma_Dcherry01A, 99.7922, 4.1053500000000005, -271.748, 0.0, -0.0923357, 0.0, 0.995728, -0.01, 0.01, 0.01
Object, OZ_00_ma_Dcherry01A, 192.706, 4.1053500000000005, -191.822, 0.0, -0.830308, 0.0, 0.557304, -0.01, 0.01, 0.01
Object, OZ_00_ma_Dcherry01A, 97.4375, 4.1053500000000005, -259.894, 0.0, -0.386236, 0.0, 0.9224, -0.01, 0.01, 0.01
Object, OZ_00_ma_Dcherry01A, 154.493, 4.1053500000000005, -256.029, 0.0, 0.956418, 0.0, 0.292, -0.01, 0.01, 0.01
Object, OZ_00_ma_Dcherry01A, 163.726, 4.1053500000000005, -249.141, 0.0, 0.997591, 0.0, 0.0693685, -0.01, 0.01, 0.01
Object, OZ_00_ma_Dcherry01A, 144.729, 4.1053500000000005, -249.003, 0.0, 0.887716, 0.0, -0.460392, -0.01, 0.01, 0.01
Object, OZ_00_ma_Dcherry01A, 136.092, 4.1053500000000005, -253.704, 0.0, 0.968529, 0.0, -0.248899, -0.01, 0.01, 0.01
Object, OZ_00_ma_Dcherry01A, 121.454, 4.1053500000000005, -254.826, 0.0, 0.968529, 0.0, -0.248899, -0.01, 0.01, 0.01
Object, OZ_00_ma_Dcherry01A, 128.463, 4.1053500000000005, -262.22900000000004, 0.0, 0.887716, 0.0, -0.460392, -0.01, 0.01, 0.01
Object, OZ_00_ma_Dcherry01A, 86.32709999999999, 4.1053500000000005, -263.22200000000004, 0.0, -0.168842, 0.0, 0.985643, -0.01, 0.01, 0.01
Object, OZ_00_ma_Dcherry01A, 111.134, 4.1053500000000005, -256.619, 0.0, -0.386236, 0.0, 0.9224, -0.01, 0.01, 0.01
Object, OZ_00_ma_Dcherry01A, 96.27250000000001, 4.1053500000000005, -206.394, 0.0, -0.532474, 0.0, 0.846446, -0.01, 0.01, 0.01
Object, OZ_00_ma_Dcherry01A, 165.75400000000002, 4.1053500000000005, -202.59099999999998, 0.0, 0.224875, 0.0, 0.974388, -0.01, 0.01, 0.01
Object, OZ_00_ma_Dcherry01A, 157.882, 4.1053500000000005, -211.458, 0.0, 0.438301, 0.0, 0.898828, -0.01, 0.01, 0.01
Object, OZ_00_ma_Dcherry01A, 151.56, 4.1053500000000005, -205.08900000000003, 0.0, 0.224875, 0.0, 0.974388, -0.01, 0.01, 0.01
Object, OZ_00_ma_Dcherry01A, 147.14200000000002, 4.1053500000000005, -225.071, 0.0, 0.224875, 0.0, 0.974388, -0.01, 0.01, 0.01
Object, OZ_00_ma_Dcherry01A, 143.731, 4.1053500000000005, -214.257, 0.0, 0.438301, 0.0, 0.898828, -0.01, 0.01, 0.01
Object, OZ_00_ma_Dcherry01A, 122.79299999999999, 4.1053500000000005, -204.22, 0.0, -0.0940139, 0.0, 0.995571, -0.01, 0.01, 0.01
Object, OZ_00_ma_Dcherry01A, 140.406, 4.1053500000000005, -195.71599999999998, 0.0, -0.315559, 0.0, 0.948906, -0.01, 0.01, 0.01
Object, OZ_00_ma_Dcherry01A, 133.955, 4.1053500000000005, -216.438, 0.0, -0.0940139, 0.0, 0.995571, -0.01, 0.01, 0.01
Object, OZ_00_ma_Dcherry01A, 123.2, 4.1053500000000005, -214.729, 0.0, -0.315559, 0.0, 0.948906, -0.01, 0.01, 0.01
Object, OZ_00_ma_Dcherry01A, 133.915, 4.1053500000000005, -228.222, 0.0, -0.315559, 0.0, 0.948906, -0.01, 0.01, 0.01
Object, OZ_00_ma_Dcherry01A, 118.928, 4.1053500000000005, -228.955, 0.0, -0.0940139, 0.0, 0.995571, -0.01, 0.01, 0.01
Object, OZ_00_ma_Dcherry01A, 109.533, 4.1053500000000005, -199.33700000000002, 0.0, 0.337026, 0.0, 0.941495, -0.01, 0.01, 0.01
Object, OZ_00_ma_Dcherry01A, 189.678, 4.1053500000000005, -247.812, 0.0, 0.561415, 0.0, 0.827535, -0.01, 0.01, 0.01
Object, OZ_00_ma_Dcherry01A, 187.222, 4.1053500000000005, -226.00099999999998, 0.0, 0.733181, 0.0, 0.680034, -0.01, 0.01, 0.01
Object, OZ_00_ma_Dcherry01A, 180.465, 4.1053500000000005, -220.93, 0.0, 0.561415, 0.0, 0.827535, -0.01, 0.01, 0.01
Object, OZ_00_ma_Dcherry01A, 178.69299999999998, 4.1053500000000005, -235.895, 0.0, 0.733181, 0.0, 0.680034, -0.01, 0.01, 0.01
Object, OZ_00_ma_Dcherry01A, 110.398, 4.1053500000000005, -239.425, 0.0, -0.386236, 0.0, 0.9224, -0.01, 0.01, 0.01
Object, OZ_00_ma_Dcherry01A, 121.521, 4.1053500000000005, -243.065, 0.0, -0.386236, 0.0, 0.9224, -0.01, 0.01, 0.01
Object, OZ_00_ma_Dcherry01A, 92.1583, 4.1053500000000005, -244.815, 0.0, -0.168842, 0.0, 0.985643, -0.01, 0.01, 0.01
Object, OZ_00_ma_Dcherry01A, 103.37700000000001, 4.1053500000000005, -249.668, 0.0, -0.168842, 0.0, 0.985643, -0.01, 0.01, 0.01
Object, OZ_00_ma_Dcherry01A, 167.95700000000002, 4.1053500000000005, -218.52700000000002, 0.0, 0.224875, 0.0, 0.974388, -0.01, 0.01, 0.01
Object, OZ_00_ma_Dcherry01A, 158.387, 4.1053500000000005, -195.533, 0.0, 0.438301, 0.0, 0.898828, -0.01, 0.01, 0.01
Object, OZ_00_ma_Dcherry01A, 175.82, 4.1053500000000005, -197.198, 0.0, 0.912568, 0.0, 0.408925, -0.01, 0.01, 0.01
Object, OZ_00_ma_Dcherry01A, 185.393, 4.1053500000000005, -203.55, 0.0, 0.981167, 0.0, 0.193161, -0.01, 0.01, 0.01
Object, OZ_00_ma_Dcherry01A, 124.56, 4.1053500000000005, -235.705, 0.0, 0.968529, 0.0, -0.248899, -0.01, 0.01, 0.01
Object, OZ_00_ma_Dcherry01A, 173.71400000000003, 4.1053500000000005, -210.59400000000002, 0.0, 0.912568, 0.0, 0.408925, -0.01, 0.01, 0.01
Object, OZ_00_ma_Dcherry01A, 130.092, 4.1053500000000005, -247.03, 0.0, 0.887716, 0.0, -0.460392, -0.01, 0.01, 0.01
Object, OZ_00_ma_Dcherry01A, 195.576, 4.1053500000000005, -212.49200000000002, 0.0, 0.912568, 0.0, 0.408925, -0.01, 0.01, 0.01
Object, OZ_00_ma_Dcherry01A, 139.198, 4.1053500000000005, -237.678, 0.0, 0.968529, 0.0, -0.248899, -0.01, 0.01, 0.01
Object, OZ_00_ma_Dcherry01A, 109.35799999999999, 4.1053500000000005, -215.49900000000002, 0.0, -0.328417, 0.0, 0.944533, -0.01, 0.01, 0.01
Object, OZ_00_ma_Dcherry01A, 104.06, 4.1053500000000005, -230.89000000000001, 0.0, -0.841163, 0.0, 0.540782, -0.01, 0.01, 0.01
Object, OZ_00_ma_Dcherry01A, 90.59479999999999, 4.1053500000000005, -232.78900000000002, 0.0, -0.697955, 0.0, 0.716142, -0.01, 0.01, 0.01
Object, OZ_00_ma_Dcherry01A, 154.264, 4.1053500000000005, -243.542, 0.0, 0.997591, 0.0, 0.0693685, -0.01, 0.01, 0.01
Object, OZ_00_ma_Dcherry01A, 166.896, 4.1053500000000005, -237.213, 0.0, 0.956418, 0.0, 0.292, -0.01, 0.01, 0.01
Object, OZ_00_ma_Dcherry01A, 152.565, 4.1053500000000005, -235.185, 0.0, 0.956418, 0.0, 0.292, -0.01, 0.01, 0.01
Object, OZ_00_ma_Dcherry01A, 166.667, 4.1053500000000005, -227.381, 0.0, 0.997591, 0.0, 0.0693685, -0.01, 0.01, 0.01
Object, OZ_00_ma_Dcherry01A, 177.20000000000002, 4.1053500000000005, -253.247, 0.0, 0.997591, 0.0, 0.0693685, -0.01, 0.01, 0.01
Object, OZ_00_ma_Dcherry01A, 197.497, 4.1053500000000005, -176.512, 0.0, 0.597829, 0.0, 0.801624, -0.01, 0.01, 0.01
Object, OZ_00_ma_Dcherry01A, 193.33, 4.1053500000000005, -164.65400000000002, 0.0, 0.762833, 0.0, 0.646596, -0.01, 0.01, 0.01
Object, OZ_00_ma_Dcherry01A, 179.733, 4.1053500000000005, -164.671, 0.0, 0.597829, 0.0, 0.801624, -0.01, 0.01, 0.01
Object, OZ_00_ma_Dcherry01A, 185.387, 4.1053500000000005, -175.20700000000002, 0.0, 0.762833, 0.0, 0.646596, -0.01, 0.01, 0.01
Object, OZ_00_ma_Dcherry01A, 97.3907, 4.1053500000000005, -171.74, 0.0, -0.344637, 0.0, 0.938736, -0.01, 0.01, 0.01
Object, OZ_00_ma_Dcherry01A, 115.05600000000001, 4.1053500000000005, -176.125, 0.0, -0.344637, 0.0, 0.938736, -0.01, 0.01, 0.01
Object, OZ_00_ma_Dcherry01A, 102.515, 4.1053500000000005, -181.485, 0.0, -0.124634, 0.0, 0.992203, -0.01, 0.01, 0.01
Object, OZ_00_ma_Dcherry01A, 111.118, 4.1053500000000005, -189.101, 0.0, -0.344637, 0.0, 0.938736, -0.01, 0.01, 0.01
Object, OZ_00_ma_Dcherry01A, 128.153, 4.1053500000000005, -193.163, 0.0, 0.866259, 0.0, -0.499596, -0.01, 0.01, 0.01
Object, OZ_00_ma_Dcherry01A, 121.85600000000001, 4.1053500000000005, -169.066, 0.0, 0.956441, 0.0, -0.291925, -0.01, 0.01, 0.01
Object, OZ_00_ma_Dcherry01A, 121.833, 4.1053500000000005, -185.153, 0.0, 0.956441, 0.0, -0.291925, -0.01, 0.01, 0.01
Object, OZ_00_ma_Dcherry01A, 135.21200000000002, 4.1053500000000005, -177.46099999999998, 0.0, 0.866259, 0.0, -0.499596, -0.01, 0.01, 0.01
Object, OZ_00_ma_Dcherry01A, 145.001, 4.1053500000000005, -184.644, 0.0, 0.956441, 0.0, -0.291925, -0.01, 0.01, 0.01
Object, OZ_00_ma_Dcherry01A, 140.645, 4.1053500000000005, -164.47099999999998, 0.0, 0.956441, 0.0, -0.291925, -0.01, 0.01, 0.01
Object, OZ_00_ma_Dcherry01A, 114.581, 4.1053500000000005, -138.553, 0.0, 0.0, 0.0, 1.0, -0.01, 0.01, 0.01
Object, OZ_00_ma_Dcherry01A, 123.545, 4.1053500000000005, -159.481, 0.0, 0.0, 0.0, 1.0, -0.01, 0.01, 0.01
Object, OZ_00_ma_Dcherry01A, 138.591, 4.1053500000000005, -153.704, 0.0, -0.224951, 0.0, 0.97437, -0.01, 0.01, 0.01
Object, OZ_00_ma_Dcherry01A, 124.678, 4.1053500000000005, -149.71200000000002, 0.0, -0.224951, 0.0, 0.97437, -0.01, 0.01, 0.01
Object, OZ_00_ma_Dcherry01A, 133.59, 4.1053500000000005, -144.567, 0.0, 0.0, 0.0, 1.0, -0.01, 0.01, 0.01
Object, OZ_00_ma_Dcherry01A, 134.724, 4.1053500000000005, -134.799, 0.0, -0.224951, 0.0, 0.97437, -0.01, 0.01, 0.01
Object, OZ_00_ma_Dcherry01A, 124.626, 4.1053500000000005, -140.342, 0.0, 0.0, 0.0, 1.0, -0.01, 0.01, 0.01
Object, OZ_00_ma_Dcherry01A, 143.78799999999998, 4.1053500000000005, -140.478, 0.0, 0.520862, 0.0, 0.853641, -0.01, 0.01, 0.01
Object, OZ_00_ma_Dcherry01A, 152.175, 4.1053500000000005, -153.085, 0.0, 0.315485, 0.0, 0.948931, -0.01, 0.01, 0.01
Object, OZ_00_ma_Dcherry01A, 152.994, 4.1053500000000005, -137.018, 0.0, 0.315485, 0.0, 0.948931, -0.01, 0.01, 0.01
Object, OZ_00_ma_Dcherry01A, 158.012, 4.1053500000000005, -144.458, 0.0, 0.520862, 0.0, 0.853641, -0.01, 0.01, 0.01
Object, OZ_00_ma_Dcherry01A, 167.217, 4.1053500000000005, -140.998, 0.0, 0.315485, 0.0, 0.948931, -0.01, 0.01, 0.01
Object, OZ_00_ma_Dcherry01A, 166.398, 4.1053500000000005, -157.065, 0.0, 0.315485, 0.0, 0.948931, -0.01, 0.01, 0.01
Object, OZ_00_ma_Dcherry01A, 161.30200000000002, 4.1053500000000005, -132.686, 0.0, 0.520862, 0.0, 0.853641, -0.01, 0.01, 0.01
Object, OZ_00_ma_Dcherry01A, 192.523, 4.1053500000000005, -132.931, 0.0, 0.994981, 0.0, 0.100062, -0.01, 0.01, 0.01
Object, OZ_00_ma_Dcherry01A, 178.115, 4.1053500000000005, -137.585, 0.0, 0.946971, 0.0, 0.32132, -0.01, 0.01, 0.01
Object, OZ_00_ma_Dcherry01A, 198.62, 4.1053500000000005, -142.73, 0.0, 0.946971, 0.0, 0.32132, -0.01, 0.01, 0.01
Object, OZ_00_ma_Dcherry01A, 184.835, 4.1053500000000005, -145.543, 0.0, 0.994981, 0.0, 0.100062, -0.01, 0.01, 0.01
Object, OZ_00_ma_Dcherry01A, 195.27400000000003, 4.1053500000000005, -151.90200000000002, 0.0, 0.994981, 0.0, 0.100062, -0.01, 0.01, 0.01
Object, OZ_00_ma_Dcherry01A, 170.42700000000002, 4.1053500000000005, -150.196, 0.0, 0.946971, 0.0, 0.32132, -0.01, 0.01, 0.01
Object, OZ_00_ma_Dcherry01A, 180.93900000000002, 4.1053500000000005, -155.341, 0.0, 0.946971, 0.0, 0.32132, -0.01, 0.01, 0.01
Object, OZ_00_ma_Dcherry01A, 114.219, 4.1053500000000005, -151.778, 0.0, -0.627536, 0.0, 0.778588, -0.01, 0.01, 0.01
Object, OZ_00_ma_Dcherry01A, 112.949, 4.1053500000000005, -164.954, 0.0, -0.786596, 0.0, 0.617467, -0.01, 0.01, 0.01
Object, OZ_00_ma_Dcherry01A, 154.024, 4.1053500000000005, -176.648, 0.0, 0.866259, 0.0, -0.499596, -0.01, 0.01, 0.01
Object, OZ_00_ma_Dcherry01A, 106.619, 4.1053500000000005, -146.58100000000002, 0.0, -0.786596, 0.0, 0.617467, -0.01, 0.01, 0.01
Object, OZ_00_ma_Dcherry01A, 190.84400000000002, 4.1053500000000005, -181.479, 0.0, 0.999694, 0.0, 0.0247261, -0.01, 0.01, 0.01
Object, OZ_00_ma_Dcherry01A, 164.739, 4.1053500000000005, -164.52900000000002, 0.0, 0.999694, 0.0, 0.0247261, -0.01, 0.01, 0.01
Object, OZ_00_ma_Dcherry01A, 156.09799999999998, 4.1053500000000005, -163.181, 0.0, 0.96851, 0.0, 0.248975, -0.01, 0.01, 0.01
Object, OZ_00_ma_Dcherry01A, 174.422, 4.1053500000000005, -179.02200000000002, 0.0, 0.96851, 0.0, 0.248975, -0.01, 0.01, 0.01
Object, OZ_00_ma_Dcherry01A, 164.008, 4.1053500000000005, -175.84, 0.0, 0.999694, 0.0, 0.0247261, -0.01, 0.01, 0.01
Object, OZ_00_ma_Dcherry01A, 158.188, 4.1053500000000005, -185.653, 0.0, 0.96851, 0.0, 0.248975, -0.01, 0.01, 0.01
Object, OZ_00_ma_Dcherry01A, 167.07, 4.1053500000000005, -189.486, 0.0, 0.999694, 0.0, 0.0247261, -0.01, 0.01, 0.01
Object, OZ_00_ma_Dcherry01A, 203.27599999999998, 4.1053500000000005, -159.823, 0.0, -0.532474, 0.0, 0.846446, -0.01, 0.01, 0.01
Object, OZ_00_ma_Dcherry01A, 216.536, 4.1053500000000005, -152.76600000000002, 0.0, 0.337026, 0.0, 0.941495, -0.01, 0.01, 0.01
Object, OZ_00_ma_Dcherry01A, 229.796, 4.1053500000000005, -157.649, 0.0, -0.0940139, 0.0, 0.995571, -0.01, 0.01, 0.01
Object, OZ_00_ma_Dcherry01A, 235.15599999999998, 4.1053500000000005, -146.592, 0.0, 0.866259, 0.0, -0.499596, -0.01, 0.01, 0.01
Object, OZ_00_ma_Dcherry01A, 218.122, 4.1053500000000005, -142.53, 0.0, -0.344637, 0.0, 0.938736, -0.01, 0.01, 0.01
Object, OZ_00_ma_Dcherry01A, 228.83599999999998, 4.1053500000000005, -138.58200000000002, 0.0, 0.956441, 0.0, -0.291925, -0.01, 0.01, 0.01
Object, OZ_00_ma_Dcherry01A, 216.36200000000002, 4.1053500000000005, -168.928, 0.0, -0.328417, 0.0, 0.944533, -0.01, 0.01, 0.01
Object, OZ_00_ma_Dcherry01A, 242.215, 4.1053500000000005, -130.89000000000001, 0.0, 0.866259, 0.0, -0.499596, -0.01, 0.01, 0.01
Object, OZ_00_ma_Dcherry01A, 230.203, 4.1053500000000005, -168.158, 0.0, -0.315559, 0.0, 0.948906, -0.01, 0.01, 0.01
Object, OZ_00_ma_Dcherry01A, 240.958, 4.1053500000000005, -169.868, 0.0, -0.0940139, 0.0, 0.995571, -0.01, 0.01, 0.01
Object, OZ_00_ma_Dcherry01A, 247.40900000000002, 4.1053500000000005, -149.145, 0.0, -0.315559, 0.0, 0.948906, -0.01, 0.01, 0.01
Object, OZ_00_ma_Dcherry01A, 222.06, 4.1053500000000005, -129.554, 0.0, -0.344637, 0.0, 0.938736, -0.01, 0.01, 0.01
Object, OZ_00_ma_Dcherry01A, 209.518, 4.1053500000000005, -134.914, 0.0, -0.124634, 0.0, 0.992203, -0.01, 0.01, 0.01
Object, OZ_00_ma_Dcherry01A, 252.00400000000002, 4.1053500000000005, -138.073, 0.0, 0.956441, 0.0, -0.291925, -0.01, 0.01, 0.01
Object, OZ_00_ma_Dcherry01A, 309.737, 4.1053500000000005, -102.781, 0.0, 0.997591, 0.0, 0.0693685, -0.01, 0.01, 0.01
Object, OZ_00_ma_Dcherry01A, 254.88400000000001, 4.1053500000000005, -121.11200000000001, 0.0, -0.313959, 0.0, 0.949436, -0.01, 0.01, 0.01
Object, OZ_00_ma_Dcherry01A, 286.8, 4.1053500000000005, -93.07520000000001, 0.0, 0.997591, 0.0, 0.0693685, -0.01, 0.01, 0.01
Object, OZ_00_ma_Dcherry01A, 244.67200000000003, 4.1053500000000005, -116.31700000000001, 0.0, 0.439815, 0.0, 0.898088, -0.01, 0.01, 0.01
Object, OZ_00_ma_Dcherry01A, 273.373, 4.1053500000000005, -117.875, 0.0, 0.226517, 0.0, 0.974007, -0.01, 0.01, 0.01
Object, OZ_00_ma_Dcherry01A, 287.65900000000005, 4.1053500000000005, -116.801, 0.0, 0.439815, 0.0, 0.898088, -0.01, 0.01, 0.01
Object, OZ_00_ma_Dcherry01A, 262.629, 4.1053500000000005, -96.5632, 0.0, 0.887716, 0.0, -0.460392, -0.01, 0.01, 0.01
Object, OZ_00_ma_Dcherry01A, 311.476, 4.1053500000000005, -111.301, 0.0, 0.981491, 0.0, 0.191507, -0.01, 0.01, 0.01
Object, OZ_00_ma_Dcherry01A, 235.91400000000002, 4.1053500000000005, -99.20190000000001, 0.0, -0.168842, 0.0, 0.985643, -0.01, 0.01, 0.01
Object, OZ_00_ma_Dcherry01A, 224.695, 4.1053500000000005, -94.34870000000001, 0.0, -0.168842, 0.0, 0.985643, -0.01, 0.01, 0.01
Object, OZ_00_ma_Dcherry01A, 298.16900000000004, 4.1053500000000005, -118.525, 0.0, 0.913256, 0.0, 0.407386, -0.01, 0.01, 0.01
Object, OZ_00_ma_Dcherry01A, 232.329, 4.1053500000000005, -121.28200000000001, 0.0, -0.0923357, 0.0, 0.995728, -0.01, 0.01, 0.01
Object, OZ_00_ma_Dcherry01A, 229.97400000000002, 4.1053500000000005, -109.428, 0.0, -0.386236, 0.0, 0.9224, -0.01, 0.01, 0.01
Object, OZ_00_ma_Dcherry01A, 243.671, 4.1053500000000005, -106.15299999999999, 0.0, -0.386236, 0.0, 0.9224, -0.01, 0.01, 0.01
Object, OZ_00_ma_Dcherry01A, 261.0, 4.1053500000000005, -111.76200000000001, 0.0, 0.887716, 0.0, -0.460392, -0.01, 0.01, 0.01
Object, OZ_00_ma_Dcherry01A, 253.99099999999999, 4.1053500000000005, -104.36, 0.0, 0.968529, 0.0, -0.248899, -0.01, 0.01, 0.01
Object, OZ_00_ma_Dcherry01A, 268.629, 4.1053500000000005, -103.23700000000001, 0.0, 0.968529, 0.0, -0.248899, -0.01, 0.01, 0.01
Object, OZ_00_ma_Dcherry01A, 277.266, 4.1053500000000005, -98.5364, 0.0, 0.887716, 0.0, -0.460392, -0.01, 0.01, 0.01
Object, OZ_00_ma_Dcherry01A, 296.263, 4.1053500000000005, -98.6748, 0.0, 0.997591, 0.0, 0.0693685, -0.01, 0.01, 0.01
Object, OZ_00_ma_Dcherry01A, 287.03000000000003, 4.1053500000000005, -105.56200000000001, 0.0, 0.956418, 0.0, 0.292, -0.01, 0.01, 0.01
Object, OZ_00_ma_Dcherry01A, 319.271, 4.1053500000000005, -119.811, 0.0, 0.913256, 0.0, 0.407386, -0.01, 0.01, 0.01
Object, OZ_00_ma_Dcherry01A, 242.935, 4.1053500000000005, -88.9586, 0.0, -0.386236, 0.0, 0.9224, -0.01, 0.01, 0.01
Object, OZ_00_ma_Dcherry01A, 254.058, 4.1053500000000005, -92.5992, 0.0, -0.386236, 0.0, 0.9224, -0.01, 0.01, 0.01
Object, OZ_00_ma_Dcherry01A, 257.09700000000004, 4.1053500000000005, -85.2388, 0.0, 0.968529, 0.0, -0.248899, -0.01, 0.01, 0.01
Object, OZ_00_ma_Dcherry01A, 271.735, 4.1053500000000005, -87.212, 0.0, 0.968529, 0.0, -0.248899, -0.01, 0.01, 0.01
Object, OZ_00_ma_Dcherry01A, 236.596, 4.1053500000000005, -80.4238, 0.0, -0.841163, 0.0, 0.540782, -0.01, 0.01, 0.01
Object, OZ_00_ma_Dcherry01A, 223.132, 4.1053500000000005, -82.3223, 0.0, -0.697955, 0.0, 0.716142, -0.01, 0.01, 0.01
Object, OZ_00_ma_Dcherry01A, 299.433, 4.1053500000000005, -86.74629999999999, 0.0, 0.956418, 0.0, 0.292, -0.01, 0.01, 0.01
Object, OZ_00_ma_Dcherry01A, 285.10200000000003, 4.1053500000000005, -84.71870000000001, 0.0, 0.956418, 0.0, 0.292, -0.01, 0.01, 0.01
Object, OZ_00_ma_Dcherry01A, 307.236, 4.1053500000000005, -88.1124, 0.0, 0.733181, 0.0, 0.680034, -0.01, 0.01, 0.01
Object, OZ_00_ma_Dcherry01A, 261.286, 4.1053500000000005, -68.0286, 0.0, 0.946971, 0.0, 0.32132, -0.01, 0.01, 0.01
Object, OZ_00_ma_Dcherry01A, 279.437, 4.1053500000000005, -63.37520000000001, 0.0, 0.994981, 0.0, 0.100062, -0.01, 0.01, 0.01
Object, OZ_00_ma_Dcherry01A, 239.298, 4.1053500000000005, -61.0023, 0.0, 0.315485, 0.0, 0.948931, -0.01, 0.01, 0.01
Object, OZ_00_ma_Dcherry01A, 248.872, 4.1053500000000005, -62.2911, 0.0, 0.520862, 0.0, 0.853641, -0.01, 0.01, 0.01
Object, OZ_00_ma_Dcherry01A, 258.077, 4.1053500000000005, -58.831, 0.0, 0.315485, 0.0, 0.948931, -0.01, 0.01, 0.01
Object, OZ_00_ma_Dcherry01A, 268.97400000000005, 4.1053500000000005, -61.5682, 0.0, 0.946971, 0.0, 0.32132, -0.01, 0.01, 0.01
Object, OZ_00_ma_Dcherry01A, 297.416, 4.1053500000000005, -60.5624, 0.0, 0.946971, 0.0, 0.32132, -0.01, 0.01, 0.01
Object, OZ_00_ma_Dcherry01A, 243.03400000000002, 4.1053500000000005, -70.9174, 0.0, 0.315485, 0.0, 0.948931, -0.01, 0.01, 0.01
Object, OZ_00_ma_Dcherry01A, 287.67, 4.1053500000000005, -69.7344, 0.0, 0.994981, 0.0, 0.100062, -0.01, 0.01, 0.01
Object, OZ_00_ma_Dcherry01A, 229.31400000000002, 4.1053500000000005, -60.5337, 0.0, 0.520862, 0.0, 0.853641, -0.01, 0.01, 0.01
Object, OZ_00_ma_Dcherry01A, 271.79900000000004, 4.1053500000000005, -73.1736, 0.0, 0.946971, 0.0, 0.32132, -0.01, 0.01, 0.01
Object, OZ_00_ma_Dcherry01A, 229.451, 4.1053500000000005, -71.5367, 0.0, -0.224951, 0.0, 0.97437, -0.01, 0.01, 0.01
Object, OZ_00_ma_Dcherry01A, 257.258, 4.1053500000000005, -74.8974, 0.0, 0.315485, 0.0, 0.948931, -0.01, 0.01, 0.01
Object, OZ_00_ma_Dcherry01A, 294.13599999999997, 4.1053500000000005, -77.6554, 0.0, -0.532474, 0.0, 0.846446, -0.01, 0.01, 0.01
Object, OZ_00_ma_Dcherry01A, 329.684, 4.1053500000000005, -113.101, 0.0, -0.344637, 0.0, 0.938736, -0.01, 0.01, 0.01
Object, OZ_00_ma_Dcherry01A, 343.03400000000005, 4.1053500000000005, -83.4806, 0.0, 0.0, 0.0, 1.0, -0.01, 0.01, 0.01
Object, OZ_00_ma_Dcherry01A, 357.157, 4.1053500000000005, -80.2586, 0.0, -0.224951, 0.0, 0.97437, -0.01, 0.01, 0.01
Object, OZ_00_ma_Dcherry01A, 333.966, 4.1053500000000005, -73.71220000000001, 0.0, -0.224951, 0.0, 0.97437, -0.01, 0.01, 0.01
Object, OZ_00_ma_Dcherry01A, 352.156, 4.1053500000000005, -71.122, 0.0, 0.0, 0.0, 1.0, -0.01, 0.01, 0.01
Object, OZ_00_ma_Dcherry01A, 333.91400000000004, 4.1053500000000005, -64.3422, 0.0, 0.0, 0.0, 1.0, -0.01, 0.01, 0.01
Object, OZ_00_ma_Dcherry01A, 370.74, 4.1053500000000005, -79.6393, 0.0, 0.315485, 0.0, 0.948931, -0.01, 0.01, 0.01
Object, OZ_00_ma_Dcherry01A, 376.57800000000003, 4.1053500000000005, -71.013, 0.0, 0.520862, 0.0, 0.853641, -0.01, 0.01, 0.01
Object, OZ_00_ma_Dcherry01A, 358.972, 4.1053500000000005, -122.271, 0.0, -0.315559, 0.0, 0.948906, -0.01, 0.01, 0.01
Object, OZ_00_ma_Dcherry01A, 323.507, 4.1053500000000005, -75.7778, 0.0, -0.627536, 0.0, 0.778588, -0.01, 0.01, 0.01
Object, OZ_00_ma_Dcherry01A, 331.515, 4.1053500000000005, -88.9543, 0.0, -0.786596, 0.0, 0.617467, -0.01, 0.01, 0.01
Object, OZ_00_ma_Dcherry01A, 316.008, 4.1053500000000005, -82.5226, 0.0, -0.627536, 0.0, 0.778588, -0.01, 0.01, 0.01
Object, OZ_00_ma_Dcherry01A, 315.90700000000004, 4.1053500000000005, -70.5807, 0.0, -0.786596, 0.0, 0.617467, -0.01, 0.01, 0.01
Object, OZ_00_ma_Dcherry01A, 374.66400000000004, 4.1053500000000005, -89.7359, 0.0, 0.96851, 0.0, 0.248975, -0.01, 0.01, 0.01
Object, OZ_00_ma_Dcherry01A, 376.754, 4.1053500000000005, -112.20700000000001, 0.0, 0.96851, 0.0, 0.248975, -0.01, 0.01, 0.01
Object, OZ_00_ma_Dcherry01A, 328.09900000000005, 4.1053500000000005, -123.337, 0.0, 0.337026, 0.0, 0.941495, -0.01, 0.01, 0.01
Object, OZ_00_ma_Dcherry01A, 372.589, 4.1053500000000005, -103.20200000000001, 0.0, 0.866259, 0.0, -0.499596, -0.01, 0.01, 0.01
Object, OZ_00_ma_Dcherry01A, 359.21, 4.1053500000000005, -91.02590000000001, 0.0, 0.956441, 0.0, -0.291925, -0.01, 0.01, 0.01
Object, OZ_00_ma_Dcherry01A, 363.56699999999995, 4.1053500000000005, -111.199, 0.0, 0.956441, 0.0, -0.291925, -0.01, 0.01, 0.01
Object, OZ_00_ma_Dcherry01A, 353.778, 4.1053500000000005, -104.016, 0.0, 0.866259, 0.0, -0.499596, -0.01, 0.01, 0.01
Object, OZ_00_ma_Dcherry01A, 340.398, 4.1053500000000005, -109.15299999999999, 0.0, 0.956441, 0.0, -0.291925, -0.01, 0.01, 0.01
Object, OZ_00_ma_Dcherry01A, 340.42199999999997, 4.1053500000000005, -93.0656, 0.0, 0.956441, 0.0, -0.291925, -0.01, 0.01, 0.01
Object, OZ_00_ma_Dcherry01A, 346.718, 4.1053500000000005, -117.163, 0.0, 0.866259, 0.0, -0.499596, -0.01, 0.01, 0.01
Object, OZ_00_ma_Dcherry01A, 321.08, 4.1053500000000005, -105.485, 0.0, -0.124634, 0.0, 0.992203, -0.01, 0.01, 0.01
Object, OZ_00_ma_Dcherry01A, 333.62199999999996, 4.1053500000000005, -100.125, 0.0, -0.344637, 0.0, 0.938736, -0.01, 0.01, 0.01
Object, OZ_00_ma_Dcherry01A, 315.956, 4.1053500000000005, -95.74000000000001, 0.0, -0.344637, 0.0, 0.938736, -0.01, 0.01, 0.01
Object, OZ_00_ma_Dcherry01A, 376.95300000000003, 4.1053500000000005, -122.088, 0.0, 0.438301, 0.0, 0.898828, -0.01, 0.01, 0.01
Object, OZ_00_ma_Dcherry01A, 385.63599999999997, 4.1053500000000005, -116.04, 0.0, 0.999694, 0.0, 0.0247261, -0.01, 0.01, 0.01
Object, OZ_00_ma_Dcherry01A, 382.57300000000004, 4.1053500000000005, -102.395, 0.0, 0.999694, 0.0, 0.0247261, -0.01, 0.01, 0.01
Object, OZ_00_ma_Dcherry01A, 392.98800000000006, 4.1053500000000005, -105.57700000000001, 0.0, 0.96851, 0.0, 0.248975, -0.01, 0.01, 0.01
Object, OZ_00_ma_Dcherry01A, 383.305, 4.1053500000000005, -91.0838, 0.0, 0.999694, 0.0, 0.0247261, -0.01, 0.01, 0.01
Object, OZ_00_ma_Dcherry01A, 388.99199999999996, 4.1053500000000005, -76.7505, 0.0, 0.946971, 0.0, 0.32132, -0.01, 0.01, 0.01
Object, OZ_00_ma_Dcherry01A, 379.86800000000005, 4.1053500000000005, -59.240500000000004, 0.0, 0.520862, 0.0, 0.853641, -0.01, 0.01, 0.01
Object, OZ_00_ma_Dcherry01A, 384.964, 4.1053500000000005, -83.61940000000001, 0.0, 0.315485, 0.0, 0.948931, -0.01, 0.01, 0.01
Object, OZ_00_ma_Dcherry01A, 385.783, 4.1053500000000005, -67.5529, 0.0, 0.315485, 0.0, 0.948931, -0.01, 0.01, 0.01
Object, OZ_00_ma_Dcherry01A, 371.559, 4.1053500000000005, -63.572900000000004, 0.0, 0.315485, 0.0, 0.948931, -0.01, 0.01, 0.01
Object, OZ_00_ma_Dcherry01A, 362.35400000000004, 4.1053500000000005, -67.0329, 0.0, 0.520862, 0.0, 0.853641, -0.01, 0.01, 0.01
Object, OZ_00_ma_Dcherry01A, 353.28900000000004, 4.1053500000000005, -61.3537, 0.0, -0.224951, 0.0, 0.97437, -0.01, 0.01, 0.01
Object, OZ_00_ma_Dcherry01A, 323.869, 4.1053500000000005, -62.5528, 0.0, 0.0, 0.0, 1.0, -0.01, 0.01, 0.01
Object, OZ_00_ma_Dcherry01A, 310.11, 4.1053500000000005, -61.66180000000001, 0.0, -0.627536, 0.0, 0.778588, -0.01, 0.01, 0.01
Object, OZ_00_ma_Dcherry01A, 311.587, 4.1053500000000005, -15.397, 0.0, 0.997591, 0.0, 0.0693685, -0.01, 0.01, 0.01
Object, OZ_00_ma_Dcherry01A, 325.72, 4.1053500000000005, 24.830700000000004, 0.0, 0.0, 0.0, 1.0, -0.01, 0.01, 0.01
Object, OZ_00_ma_Dcherry01A, 288.651, 4.1053500000000005, -5.69169, 0.0, 0.997591, 0.0, 0.0693685, -0.01, 0.01, 0.01
Object, OZ_00_ma_Dcherry01A, 355.14, 4.1053500000000005, 26.029899999999998, 0.0, -0.224951, 0.0, 0.97437, -0.01, 0.01, 0.01
Object, OZ_00_ma_Dcherry01A, 364.205, 4.1053500000000005, 20.3506, 0.0, 0.520862, 0.0, 0.853641, -0.01, 0.01, 0.01
Object, OZ_00_ma_Dcherry01A, 373.41, 4.1053500000000005, 23.8107, 0.0, 0.315485, 0.0, 0.948931, -0.01, 0.01, 0.01
Object, OZ_00_ma_Dcherry01A, 264.47900000000004, 4.1053500000000005, -9.17972, 0.0, 0.887716, 0.0, -0.460392, -0.01, 0.01, 0.01
Object, OZ_00_ma_Dcherry01A, 313.327, 4.1053500000000005, -23.917600000000004, 0.0, 0.981491, 0.0, 0.191507, -0.01, 0.01, 0.01
Object, OZ_00_ma_Dcherry01A, 237.76500000000001, 4.1053500000000005, -11.818399999999999, 0.0, -0.168842, 0.0, 0.985643, -0.01, 0.01, 0.01
Object, OZ_00_ma_Dcherry01A, 230.65400000000002, 4.1053500000000005, -6.96519, 0.0, -0.168842, 0.0, 0.985643, -0.01, 0.01, 0.01
Object, OZ_00_ma_Dcherry01A, 387.63300000000004, 4.1053500000000005, 19.8306, 0.0, 0.315485, 0.0, 0.948931, -0.01, 0.01, 0.01
Object, OZ_00_ma_Dcherry01A, 386.814, 4.1053500000000005, 3.76416, 0.0, 0.315485, 0.0, 0.948931, -0.01, 0.01, 0.01
Object, OZ_00_ma_Dcherry01A, 231.82500000000002, 4.1053500000000005, -22.0442, 0.0, -0.386236, 0.0, 0.9224, -0.01, 0.01, 0.01
Object, OZ_00_ma_Dcherry01A, 245.52200000000002, 4.1053500000000005, -18.7695, 0.0, -0.386236, 0.0, 0.9224, -0.01, 0.01, 0.01
Object, OZ_00_ma_Dcherry01A, 262.85, 4.1053500000000005, -24.378800000000002, 0.0, 0.887716, 0.0, -0.460392, -0.01, 0.01, 0.01
Object, OZ_00_ma_Dcherry01A, 255.842, 4.1053500000000005, -16.9765, 0.0, 0.968529, 0.0, -0.248899, -0.01, 0.01, 0.01
Object, OZ_00_ma_Dcherry01A, 270.47900000000004, 4.1053500000000005, -15.8537, 0.0, 0.968529, 0.0, -0.248899, -0.01, 0.01, 0.01
Object, OZ_00_ma_Dcherry01A, 279.117, 4.1053500000000005, -11.1529, 0.0, 0.887716, 0.0, -0.460392, -0.01, 0.01, 0.01
Object, OZ_00_ma_Dcherry01A, 298.113, 4.1053500000000005, -11.291300000000001, 0.0, 0.997591, 0.0, 0.0693685, -0.01, 0.01, 0.01
Object, OZ_00_ma_Dcherry01A, 288.88, 4.1053500000000005, -18.178900000000002, 0.0, 0.956418, 0.0, 0.292, -0.01, 0.01, 0.01
Object, OZ_00_ma_Dcherry01A, 244.786, 4.1053500000000005, -1.57503, 0.0, -0.386236, 0.0, 0.9224, -0.01, 0.01, 0.01
Object, OZ_00_ma_Dcherry01A, 255.90900000000002, 4.1053500000000005, -5.215650000000001, 0.0, -0.386236, 0.0, 0.9224, -0.01, 0.01, 0.01
Object, OZ_00_ma_Dcherry01A, 258.948, 4.1053500000000005, 2.14468, 0.0, 0.968529, 0.0, -0.248899, -0.01, 0.01, 0.01
Object, OZ_00_ma_Dcherry01A, 273.585, 4.1053500000000005, 0.171494, 0.0, 0.968529, 0.0, -0.248899, -0.01, 0.01, 0.01
Object, OZ_00_ma_Dcherry01A, 238.447, 4.1053500000000005, 6.959740000000001, 0.0, -0.841163, 0.0, 0.540782, -0.01, 0.01, 0.01
Object, OZ_00_ma_Dcherry01A, 229.09, 4.1053500000000005, 5.061240000000001, 0.0, -0.697955, 0.0, 0.716142, -0.01, 0.01, 0.01
Object, OZ_00_ma_Dcherry01A, 301.28400000000005, 4.1053500000000005, 0.637236, 0.0, 0.956418, 0.0, 0.292, -0.01, 0.01, 0.01
Object, OZ_00_ma_Dcherry01A, 286.952, 4.1053500000000005, 2.66481, 0.0, 0.956418, 0.0, 0.292, -0.01, 0.01, 0.01
Object, OZ_00_ma_Dcherry01A, 309.087, 4.1053500000000005, -0.728877, 0.0, 0.733181, 0.0, 0.680034, -0.01, 0.01, 0.01
Object, OZ_00_ma_Dcherry01A, 263.137, 4.1053500000000005, 19.355, 0.0, 0.946971, 0.0, 0.32132, -0.01, 0.01, 0.01
Object, OZ_00_ma_Dcherry01A, 281.288, 4.1053500000000005, 24.0083, 0.0, 0.994981, 0.0, 0.100062, -0.01, 0.01, 0.01
Object, OZ_00_ma_Dcherry01A, 241.148, 4.1053500000000005, 26.3812, 0.0, 0.315485, 0.0, 0.948931, -0.01, 0.01, 0.01
Object, OZ_00_ma_Dcherry01A, 250.72299999999998, 4.1053500000000005, 25.0925, 0.0, 0.520862, 0.0, 0.853641, -0.01, 0.01, 0.01
Object, OZ_00_ma_Dcherry01A, 259.928, 4.1053500000000005, 28.552500000000002, 0.0, 0.315485, 0.0, 0.948931, -0.01, 0.01, 0.01
Object, OZ_00_ma_Dcherry01A, 270.825, 4.1053500000000005, 25.8154, 0.0, 0.946971, 0.0, 0.32132, -0.01, 0.01, 0.01
Object, OZ_00_ma_Dcherry01A, 299.267, 4.1053500000000005, 26.8211, 0.0, 0.946971, 0.0, 0.32132, -0.01, 0.01, 0.01
Object, OZ_00_ma_Dcherry01A, 244.885, 4.1053500000000005, 16.4661, 0.0, 0.315485, 0.0, 0.948931, -0.01, 0.01, 0.01
Object, OZ_00_ma_Dcherry01A, 289.52, 4.1053500000000005, 17.6491, 0.0, 0.994981, 0.0, 0.100062, -0.01, 0.01, 0.01
Object, OZ_00_ma_Dcherry01A, 231.165, 4.1053500000000005, 26.849800000000002, 0.0, 0.520862, 0.0, 0.853641, -0.01, 0.01, 0.01
Object, OZ_00_ma_Dcherry01A, 273.649, 4.1053500000000005, 14.209900000000001, 0.0, 0.946971, 0.0, 0.32132, -0.01, 0.01, 0.01
Object, OZ_00_ma_Dcherry01A, 231.30200000000002, 4.1053500000000005, 15.846900000000002, 0.0, -0.224951, 0.0, 0.97437, -0.01, 0.01, 0.01
Object, OZ_00_ma_Dcherry01A, 259.10900000000004, 4.1053500000000005, 12.486099999999999, 0.0, 0.315485, 0.0, 0.948931, -0.01, 0.01, 0.01
Object, OZ_00_ma_Dcherry01A, 295.986, 4.1053500000000005, 9.728110000000001, 0.0, -0.532474, 0.0, 0.846446, -0.01, 0.01, 0.01
Object, OZ_00_ma_Dcherry01A, 390.843, 4.1053500000000005, 10.633, 0.0, 0.946971, 0.0, 0.32132, -0.01, 0.01, 0.01
Object, OZ_00_ma_Dcherry01A, 344.885, 4.1053500000000005, 3.90294, 0.0, 0.0, 0.0, 1.0, -0.01, 0.01, 0.01
Object, OZ_00_ma_Dcherry01A, 359.007, 4.1053500000000005, 7.1249199999999995, 0.0, -0.224951, 0.0, 0.97437, -0.01, 0.01, 0.01
Object, OZ_00_ma_Dcherry01A, 335.81699999999995, 4.1053500000000005, 13.671300000000002, 0.0, -0.224951, 0.0, 0.97437, -0.01, 0.01, 0.01
Object, OZ_00_ma_Dcherry01A, 354.006, 4.1053500000000005, 16.2615, 0.0, 0.0, 0.0, 1.0, -0.01, 0.01, 0.01
Object, OZ_00_ma_Dcherry01A, 335.765, 4.1053500000000005, 23.041300000000003, 0.0, 0.0, 0.0, 1.0, -0.01, 0.01, 0.01
Object, OZ_00_ma_Dcherry01A, 372.591, 4.1053500000000005, 7.744210000000001, 0.0, 0.315485, 0.0, 0.948931, -0.01, 0.01, 0.01
Object, OZ_00_ma_Dcherry01A, 378.42800000000005, 4.1053500000000005, 16.3705, 0.0, 0.520862, 0.0, 0.853641, -0.01, 0.01, 0.01
Object, OZ_00_ma_Dcherry01A, 385.156, 4.1053500000000005, -3.70026, 0.0, 0.999694, 0.0, 0.0247261, -0.01, 0.01, 0.01
Object, OZ_00_ma_Dcherry01A, 325.358, 4.1053500000000005, 11.605699999999999, 0.0, -0.627536, 0.0, 0.778588, -0.01, 0.01, 0.01
Object, OZ_00_ma_Dcherry01A, 333.366, 4.1053500000000005, -1.5707300000000002, 0.0, -0.786596, 0.0, 0.617467, -0.01, 0.01, 0.01
Object, OZ_00_ma_Dcherry01A, 317.85900000000004, 4.1053500000000005, 4.860880000000001, 0.0, -0.627536, 0.0, 0.778588, -0.01, 0.01, 0.01
Object, OZ_00_ma_Dcherry01A, 317.758, 4.1053500000000005, 16.8028, 0.0, -0.786596, 0.0, 0.617467, -0.01, 0.01, 0.01
Object, OZ_00_ma_Dcherry01A, 376.514, 4.1053500000000005, -2.3523500000000004, 0.0, 0.96851, 0.0, 0.248975, -0.01, 0.01, 0.01
Object, OZ_00_ma_Dcherry01A, 378.605, 4.1053500000000005, -24.8239, 0.0, 0.96851, 0.0, 0.248975, -0.01, 0.01, 0.01
Object, OZ_00_ma_Dcherry01A, 394.838, 4.1053500000000005, -18.1933, 0.0, 0.96851, 0.0, 0.248975, -0.01, 0.01, 0.01
Object, OZ_00_ma_Dcherry01A, 374.44, 4.1053500000000005, -15.818800000000001, 0.0, 0.866259, 0.0, -0.499596, -0.01, 0.01, 0.01
Object, OZ_00_ma_Dcherry01A, 361.061, 4.1053500000000005, -3.64239, 0.0, 0.956441, 0.0, -0.291925, -0.01, 0.01, 0.01
Object, OZ_00_ma_Dcherry01A, 365.417, 4.1053500000000005, -23.8152, 0.0, 0.956441, 0.0, -0.291925, -0.01, 0.01, 0.01
Object, OZ_00_ma_Dcherry01A, 355.62800000000004, 4.1053500000000005, -16.6323, 0.0, 0.866259, 0.0, -0.499596, -0.01, 0.01, 0.01
Object, OZ_00_ma_Dcherry01A, 342.249, 4.1053500000000005, -21.7694, 0.0, 0.956441, 0.0, -0.291925, -0.01, 0.01, 0.01
Object, OZ_00_ma_Dcherry01A, 342.272, 4.1053500000000005, -5.68206, 0.0, 0.956441, 0.0, -0.291925, -0.01, 0.01, 0.01
Object, OZ_00_ma_Dcherry01A, 384.42400000000004, 4.1053500000000005, -15.011500000000002, 0.0, 0.999694, 0.0, 0.0247261, -0.01, 0.01, 0.01
Object, OZ_00_ma_Dcherry01A, 322.931, 4.1053500000000005, -18.1017, 0.0, -0.124634, 0.0, 0.992203, -0.01, 0.01, 0.01
Object, OZ_00_ma_Dcherry01A, 335.473, 4.1053500000000005, -12.741700000000002, 0.0, -0.344637, 0.0, 0.938736, -0.01, 0.01, 0.01
Object, OZ_00_ma_Dcherry01A, 317.807, 4.1053500000000005, -8.356440000000001, 0.0, -0.344637, 0.0, 0.938736, -0.01, 0.01, 0.01
Object, OZ_00_ma_Dcherry01A, 311.96, 4.1053500000000005, 25.721700000000002, 0.0, -0.627536, 0.0, 0.778588, -0.01, 0.01, 0.01
Object, OZ_00_ma_Dcherry01A, 387.486, 4.1053500000000005, -28.6569, 0.0, 0.999694, 0.0, 0.0247261, -0.01, 0.01, 0.01
Object, OZ_00_ma_Dcherry01A, 348.569, 4.1053500000000005, -29.7791, 0.0, 0.866259, 0.0, -0.499596, -0.01, 0.01, 0.01
Object, OZ_00_ma_Dcherry01A, 329.949, 4.1053500000000005, -35.9535, 0.0, 0.337026, 0.0, 0.941495, -0.01, 0.01, 0.01
Object, OZ_00_ma_Dcherry01A, 360.822, 4.1053500000000005, -34.8874, 0.0, -0.315559, 0.0, 0.948906, -0.01, 0.01, 0.01
Object, OZ_00_ma_Dcherry01A, 331.535, 4.1053500000000005, -25.717600000000004, 0.0, -0.344637, 0.0, 0.938736, -0.01, 0.01, 0.01
Object, OZ_00_ma_Dcherry01A, 321.122, 4.1053500000000005, -32.4279, 0.0, 0.913256, 0.0, 0.407386, -0.01, 0.01, 0.01
Object, OZ_00_ma_Dcherry01A, 234.18, 4.1053500000000005, -33.8984, 0.0, -0.0923357, 0.0, 0.995728, -0.01, 0.01, 0.01
Object, OZ_00_ma_Dcherry01A, 300.02, 4.1053500000000005, -31.1411, 0.0, 0.913256, 0.0, 0.407386, -0.01, 0.01, 0.01
Object, OZ_00_ma_Dcherry01A, 289.51, 4.1053500000000005, -29.417399999999997, 0.0, 0.439815, 0.0, 0.898088, -0.01, 0.01, 0.01
Object, OZ_00_ma_Dcherry01A, 275.223, 4.1053500000000005, -30.4919, 0.0, 0.226517, 0.0, 0.974007, -0.01, 0.01, 0.01
Object, OZ_00_ma_Dcherry01A, 246.523, 4.1053500000000005, -28.9338, 0.0, 0.439815, 0.0, 0.898088, -0.01, 0.01, 0.01
Object, OZ_00_ma_Dcherry01A, 256.735, 4.1053500000000005, -33.7286, 0.0, -0.313959, 0.0, 0.949436, -0.01, 0.01, 0.01
Object, OZ_00_ma_Dcherry01A, 378.80300000000005, 4.1053500000000005, -34.704299999999996, 0.0, 0.438301, 0.0, 0.898828, -0.01, 0.01, 0.01
Object, OZ_00_ma_Dcherry01A, 252.578, 4.1053500000000005, 34.9293, 0.0, -0.313959, 0.0, 0.949436, -0.01, 0.01, 0.01
Object, OZ_00_ma_Dcherry01A, 242.36700000000002, 4.1053500000000005, 39.7241, 0.0, 0.439815, 0.0, 0.898088, -0.01, 0.01, 0.01
Object, OZ_00_ma_Dcherry01A, 271.067, 4.1053500000000005, 38.166, 0.0, 0.226517, 0.0, 0.974007, -0.01, 0.01, 0.01
Object, OZ_00_ma_Dcherry01A, 285.353, 4.1053500000000005, 39.240500000000004, 0.0, 0.439815, 0.0, 0.898088, -0.01, 0.01, 0.01
Object, OZ_00_ma_Dcherry01A, 230.023, 4.1053500000000005, 34.759499999999996, 0.0, -0.0923357, 0.0, 0.995728, -0.01, 0.01, 0.01
Object, OZ_00_ma_Dcherry01A, 227.669, 4.1053500000000005, 46.6137, 0.0, -0.386236, 0.0, 0.9224, -0.01, 0.01, 0.01
Object, OZ_00_ma_Dcherry01A, 234.291, 4.1053500000000005, 75.61760000000001, 0.0, -0.841163, 0.0, 0.540782, -0.01, 0.01, 0.01
Object, OZ_00_ma_Dcherry01A, 239.59, 4.1053500000000005, 91.0092, 0.0, -0.328417, 0.0, 0.944533, -0.01, 0.01, 0.01
Object, OZ_00_ma_Dcherry01A, 269.42900000000003, 4.1053500000000005, 68.82939999999999, 0.0, 0.968529, 0.0, -0.248899, -0.01, 0.01, 0.01
Object, OZ_00_ma_Dcherry01A, 260.323, 4.1053500000000005, 59.4782, 0.0, 0.887716, 0.0, -0.460392, -0.01, 0.01, 0.01
Object, OZ_00_ma_Dcherry01A, 254.792, 4.1053500000000005, 70.8026, 0.0, 0.968529, 0.0, -0.248899, -0.01, 0.01, 0.01
Object, OZ_00_ma_Dcherry01A, 233.608, 4.1053500000000005, 56.8395, 0.0, -0.168842, 0.0, 0.985643, -0.01, 0.01, 0.01
Object, OZ_00_ma_Dcherry01A, 251.752, 4.1053500000000005, 63.442299999999996, 0.0, -0.386236, 0.0, 0.9224, -0.01, 0.01, 0.01
Object, OZ_00_ma_Dcherry01A, 240.62900000000002, 4.1053500000000005, 67.0829, 0.0, -0.386236, 0.0, 0.9224, -0.01, 0.01, 0.01
Object, OZ_00_ma_Dcherry01A, 274.96, 4.1053500000000005, 57.505, 0.0, 0.887716, 0.0, -0.460392, -0.01, 0.01, 0.01
Object, OZ_00_ma_Dcherry01A, 249.15900000000002, 4.1053500000000005, 77.5524, 0.0, -0.0940139, 0.0, 0.995571, -0.01, 0.01, 0.01
Object, OZ_00_ma_Dcherry01A, 264.146, 4.1053500000000005, 78.2858, 0.0, -0.315559, 0.0, 0.948906, -0.01, 0.01, 0.01
Object, OZ_00_ma_Dcherry01A, 253.43099999999998, 4.1053500000000005, 91.7792, 0.0, -0.315559, 0.0, 0.948906, -0.01, 0.01, 0.01
Object, OZ_00_ma_Dcherry01A, 264.186, 4.1053500000000005, 90.0693, 0.0, -0.0940139, 0.0, 0.995571, -0.01, 0.01, 0.01
Object, OZ_00_ma_Dcherry01A, 273.962, 4.1053500000000005, 92.25059999999999, 0.0, 0.438301, 0.0, 0.898828, -0.01, 0.01, 0.01
Object, OZ_00_ma_Dcherry01A, 277.373, 4.1053500000000005, 81.4369, 0.0, 0.224875, 0.0, 0.974388, -0.01, 0.01, 0.01
Object, OZ_00_ma_Dcherry01A, 234.30400000000003, 4.1053500000000005, 100.114, 0.0, -0.532474, 0.0, 0.846446, -0.01, 0.01, 0.01
Object, OZ_00_ma_Dcherry01A, 241.365, 4.1053500000000005, 49.888400000000004, 0.0, -0.386236, 0.0, 0.9224, -0.01, 0.01, 0.01
Object, OZ_00_ma_Dcherry01A, 258.694, 4.1053500000000005, 44.2791, 0.0, 0.887716, 0.0, -0.460392, -0.01, 0.01, 0.01
Object, OZ_00_ma_Dcherry01A, 251.685, 4.1053500000000005, 51.681400000000004, 0.0, 0.968529, 0.0, -0.248899, -0.01, 0.01, 0.01
Object, OZ_00_ma_Dcherry01A, 266.323, 4.1053500000000005, 52.8042, 0.0, 0.968529, 0.0, -0.248899, -0.01, 0.01, 0.01
Object, OZ_00_ma_tree01B, 70.641, -0.036414800000000004, -20.4559, 0.0, -0.23876, 0.0, 0.971079, -0.011000000000000001, 0.011000000000000001, 0.011000000000000001
Object, OZ_00_ma_tree01B, 71.5014, -0.036414800000000004, -23.104899999999997, 0.0, 0.503879, 0.0, 0.863774, -0.01, 0.01, 0.01
Object, OZ_00_ma_tree01B, 89.9455, -0.036414800000000004, -67.1012, 0.0, 0.971079, 0.0, 0.23876, -0.011000000000000001, 0.011000000000000001, 0.011000000000000001
Object, OZ_00_ma_tree01B, 148.556, -0.036414800000000004, -54.5242, 0.0, 0.0402787, 0.0, 0.999188, -0.011000000000000001, 0.011000000000000001, 0.011000000000000001
Object, OZ_00_ma_tree01B, 99.3557, -0.028159800000000002, 55.678900000000006, 0.0, -0.23876, 0.0, 0.971079, -0.011000000000000001, 0.011000000000000001, 0.011000000000000001
Object, OZ_00_ma_tree01B, 103.676, -0.028159800000000002, 55.4815, 0.0, 0.965163, 0.0, -0.261649, -0.011000000000000001, 0.011000000000000001, 0.011000000000000001
Object, OZ_00_ma_tree02A, 71.781, -0.0199756, -31.0044, 0.0, 0.0, 0.0, 1.0, -0.01, 0.01, 0.01
Object, OZ_00_ma_tree02A, 108.714, -0.0199756, -37.1788, 0.0, -0.23784, 0.0, 0.971304, -0.012, 0.012, 0.012
Object, OZ_00_ma_tree02A, 132.898, -0.0199756, -58.538500000000006, 0.0, 0.927507, 0.0, 0.373807, -0.01, 0.01, 0.01
Object, OZ_00_ma_tree02A, 133.532, -0.0199756, -30.8121, 0.0, 0.653222, 0.0, 0.757167, -0.01, 0.01, 0.01
Object, OZ_02_ma_plant02A, 72.7294, 0.0, -37.3377, 0.0, 0.742968, 0.0, 0.669326, -0.01, 0.01, 0.01
Object, OZ_02_ma_plant02A, 72.33760000000001, 0.0, -27.6427, 0.0, 0.764219, 0.0, 0.644957, -0.01, 0.01, 0.01
Object, OZ_02_ma_plant02A, 72.6511, 0.0, -24.2848, 0.0, 0.737954, 0.0, 0.674851, -0.01, 0.01, 0.01
Object, OZ_02_ma_plant02A, 112.601, 0.0, -36.9614, 0.0, 0.0734903, 0.0, 0.997296, -0.01, 0.01, 0.01
Object, OZ_02_ma_plant02A, 116.656, 0.0, -36.9614, 0.0, 0.996966, 0.0, -0.0778391, -0.01, 0.01, 0.01
Object, OZ_02_ma_plant02A, 111.05799999999999, 0.0, -2.74328, 0.0, 0.0734903, 0.0, 0.997296, -0.01, 0.01, 0.01
Object, OZ_02_ma_plant02A, 175.232, 0.0, 19.505300000000002, 0.0, -0.653229, 0.0, 0.75716, -0.01, 0.01, 0.01
Object, OZ_02_ma_plant02A, 130.494, 0.0, -58.8935, 0.0, 0.996966, 0.0, -0.0778391, -0.01, 0.01, 0.01
Object, OZ_02_ma_plant02A, 152.458, 0.0, -58.680600000000005, 0.0, 0.742968, 0.0, 0.669326, -0.01, 0.01, 0.01
Object, OZ_02_ma_plant02A, 114.697, 0.0, -100.088, 0.0, 0.0344142, 0.0, 0.999408, -0.01, 0.01, 0.01
Object, OZ_02_ma_plant02A, 118.279, 0.0, -99.6946, 0.0, 0.0344142, 0.0, 0.999408, -0.01, 0.01, 0.01
Object, OZ_02_ma_plant02A, 82.93620000000001, 0.0, 25.8502, 0.0, 0.0734903, 0.0, 0.997296, -0.01, 0.01, 0.01
Object, OZ_02_ma_plant02A, 89.7755, 0.0, 25.819499999999998, 0.0, 0.997296, 0.0, -0.0734904, -0.01, 0.01, 0.01
Object, OZ_02_ma_plant02A, 96.6571, 0.0, 25.819499999999998, 0.0, 0.997296, 0.0, -0.0734904, -0.01, 0.01, 0.01
Object, OZ_02_ma_plant02A, 97.87459999999999, 0.0, 53.8904, 0.0, 0.997296, 0.0, -0.0734904, -0.01, 0.01, 0.01
Object, OZ_02_ma_plant02A, 104.756, 0.0, 53.8904, 0.0, 0.997296, 0.0, -0.0734904, -0.01, 0.01, 0.01
Object, OZ_02_ma_plant02A, 90.55510000000001, 0.0, 46.2012, 0.0, 0.0734903, 0.0, 0.997296, -0.01, 0.01, 0.01
Object, OZ_02_ma_plant02A, 92.3537, 0.0, 38.7641, 0.0, -0.653229, 0.0, 0.75716, -0.01, 0.01, 0.01
Object, OZ_02_ma_plant02B, 72.5125, 0.0, -33.8496, 0.0, 0.740696, 0.0, 0.67184, -0.01, 0.01, 0.01
Object, OZ_02_ma_plant02B, 72.1666, 0.0, -20.9362, 0.0, 0.696492, 0.0, 0.717565, -0.01, 0.01, 0.01
Object, OZ_02_ma_plant02B, 109.10600000000001, 0.0, -37.028400000000005, 0.0, 0.0701107, 0.0, 0.997539, -0.01, 0.01, 0.01
Object, OZ_02_ma_plant02B, 107.564, 0.0, -2.81029, 0.0, 0.0701107, 0.0, 0.997539, -0.01, 0.01, 0.01
Object, OZ_02_ma_plant02B, 175.299, 0.0, 16.0111, 0.0, -0.655791, 0.0, 0.754942, -0.01, 0.01, 0.01
Object, OZ_02_ma_plant02B, 119.72, 0.0, -58.98140000000001, 0.0, 0.999889, 0.0, 0.0149007, -0.01, 0.01, 0.01
Object, OZ_02_ma_plant02B, 152.437, 0.0, -55.1925, 0.0, 0.740696, 0.0, 0.67184, -0.01, 0.01, 0.01
Object, OZ_02_ma_plant02B, 134.787, 0.0, -30.9554, 0.0, 0.740696, 0.0, 0.67184, -0.01, 0.01, 0.01
Object, OZ_02_ma_plant02B, 111.359, 0.0, -100.641, 0.0, -0.0251134, 0.0, 0.999685, -0.01, 0.01, 0.01
Object, OZ_02_ma_plant02B, 124.76100000000001, 0.0, -98.68, 0.0, -0.0251134, 0.0, 0.999685, -0.01, 0.01, 0.01
Object, OZ_02_ma_plant02B, 79.442, 0.0, 25.7832, 0.0, 0.0701107, 0.0, 0.997539, -0.01, 0.01, 0.01
Object, OZ_02_ma_plant02B, 93.2696, 0.0, 25.8865, 0.0, 0.997539, 0.0, -0.0701108, -0.01, 0.01, 0.01
Object, OZ_02_ma_plant02B, 101.369, 0.0, 53.9575, 0.0, 0.997539, 0.0, -0.0701108, -0.01, 0.01, 0.01
Object, OZ_02_ma_plant02B, 92.3813, 0.0, 43.6896, 0.0, -0.655791, 0.0, 0.754943, -0.01, 0.01, 0.01
Object, OZ_04_ma_plant09A, 101.646, -0.00889709, -42.196099999999994, 0.0, 0.0, 0.0, 1.0, -0.012, 0.012, 0.012
Object, OZ_04_ma_plant09A, 96.4008, -0.00889709, -42.196099999999994, 0.0, 0.0, 0.0, 1.0, -0.012, 0.012, 0.012
Object, OZ_20_ks_board01A, 176.988, -0.0189331, -60.124300000000005, 0.0, 1.0, 0.0, 0.0, -0.007799970000000001, 0.006445650000000001, 0.007799970000000001
Object, OZ_20_ks_board01A, 151.245, -0.0189331, -107.91799999999999, 0.0, -0.048416, 0.0, 0.998827, -0.007799970000000001, 0.006445650000000001, 0.007799970000000001
Object, OZ_20_ks_board01A, 76.0609, -0.0189331, 42.2505, 0.0, -1.74846e-07, 0.0, 1.0, -0.007799970000000001, 0.006445650000000001, 0.007799970000000001
Object, OZ_20_ks_board02A, 133.635, -0.008367310000000001, -56.40560000000001, 0.0, 0.707107, 0.0, 0.707107, -0.01, 0.01, 0.01
Object, OZ_20_ks_gdunp01A, 68.7556, -0.0580682, -18.5332, 0.0, 0.0, 0.0, 1.0, -0.01, 0.01, 0.01
Object, OZ_20_ks_gdunp01A, 174.829, -0.0580682, 24.645500000000002, 0.0, 0.707107, 0.0, 0.707107, -0.01, 0.01, 0.01
Object, OZ_20_ks_gdunp01A, 138.049, -0.0580682, -88.5457, 0.0, 0.620254, 0.0, 0.784401, -0.01, 0.01, 0.01
Object, OZ_20_nk_car01A, 121.491, -0.0018457000000000002, -38.889, 0.0, 0.0, 0.0, 1.0, -0.01, 0.01, 0.01
Object, OZ_20_nk_car01A, 212.831, 0.19044899999999998, 41.5199, 0.0, 0.707107, 0.0, 0.707107, -0.01, 0.01, 0.01
Object, OZ_20_nk_car01A, 90.29639999999999, -0.0018457000000000002, -58.9388, 0.0, 1.0, 0.0, 5.20549e-07, -0.01, 0.01, 0.01
Object, OZ_22_ma_Upole01B, 94.5785, -0.017019, 65.1824, 0.0, 0.69904, 0.0, 0.715083, -0.01, 0.01, 0.01
Object, OZ_22_ma_Upole01C, 56.0322, -0.017020900000000002, 64.2881, 0.0, 0.69904, 0.0, 0.715083, -0.01, 0.01, 0.01
Object, OZ_22_ma_Upole01C, 132.368, -0.017020900000000002, 66.0479, 0.0, -0.715083, 0.0, 0.69904, -0.01, 0.01, 0.01
Object, OZ_22_ma_Upole01C, 60.8941, -0.017020900000000002, 28.420700000000004, 0.0, 0.707107, 0.0, 0.707107, -0.01, 0.01, 0.01
Object, OZ_22_ma_Upole01C, 107.01200000000001, -0.017020900000000002, 28.448200000000003, 0.0, -0.707107, 0.0, 0.707107, -0.01, 0.01, 0.01
Object, OZ_22_ma_Upole01C, 159.813, -0.017020900000000002, 28.4168, 0.0, 0.707107, 0.0, 0.707107, -0.01, 0.01, 0.01
Object, OZ_22_ma_Upole01C, 191.93900000000002, -0.017020900000000002, 28.4443, 0.0, -0.707107, 0.0, 0.707107, -0.01, 0.01, 0.01
Object, OZ_22_ma_Upole01C, 124.31200000000001, -0.017020900000000002, 1.22526, 0.0, 1.0, 0.0, 5.20549e-07, -0.01, 0.01, 0.01
Object, OZ_22_ma_Upole01C, 124.34, -0.017020900000000002, -44.1364, 0.0, 0.0, 0.0, 1.0, -0.01, 0.01, 0.01
Object, OZ_22_ma_Upole01C, 65.9368, -0.017020900000000002, -51.5653, 0.0, 0.707107, 0.0, 0.707107, -0.01, 0.01, 0.01
Object, OZ_22_ma_Upole01C, 108.273, -0.017020900000000002, -51.5378, 0.0, -0.707107, 0.0, 0.707107, -0.01, 0.01, 0.01
Object, OZ_22_ma_Upole01C, 139.758, -0.017020900000000002, 66.941, 0.0, 0.997564, 0.0, -0.0697565, -0.01, 0.01, 0.01
Object, OZ_22_ma_Upole01C, 135.454, -0.955598, 36.121, 0.0, 0.0697565, 0.0, 0.997564, -0.01, 0.01, 0.01
Object, OZ_22_ma_Upole01C, 115.712, -0.017020900000000002, 8.642290000000001, 0.0, 0.688355, 0.0, 0.725374, -0.01, 0.01, 0.01
Object, OZ_22_ma_Upole01C, 152.324, -0.017020900000000002, 10.5886, 0.0, -0.725374, 0.0, 0.688355, -0.01, 0.01, 0.01
Object, OZ_22_ma_Upole01C, 152.283, -0.017020900000000002, 2.95525, 0.0, 1.0, 0.0, 5.20549e-07, -0.01, 0.01, 0.01
Object, OZ_22_ma_Upole01C, 152.311, -0.017020900000000002, -44.297200000000004, 0.0, 0.0, 0.0, 1.0, -0.01, 0.01, 0.01
Object, OZ_22_ma_Upole01C, 159.823, -0.017020900000000002, 3.36183, 0.0, 0.694658, 0.0, 0.71934, -0.01, 0.01, 0.01
Object, OZ_22_ma_Upole01C, 191.92900000000003, -0.017020900000000002, 4.51051, 0.0, -0.71934, 0.0, 0.694658, -0.01, 0.01, 0.01
Object, OZ_22_ma_Upole01C, 115.713, -0.017020900000000002, -51.5653, 0.0, 0.707107, 0.0, 0.707107, -0.01, 0.01, 0.01
Object, OZ_22_ma_Upole01C, 184.143, -0.017020900000000002, -51.5378, 0.0, -0.707107, 0.0, 0.707107, -0.01, 0.01, 0.01
Object, OZ_22_ma_Upole01E, 75.30420000000001, 10.824200000000001, 64.7392, 0.0, -0.0113444, 0.0, 0.999936, -0.01, 0.01, 0.01
Object, OZ_22_ma_Upole01E, 113.474, 10.824200000000001, 65.6054, 0.0, -0.0113444, 0.0, 0.999936, -0.0098, 0.01, 0.01
Object, OZ_22_ma_Upole01E, 83.95309999999999, 10.824200000000001, 28.4345, 0.0, 0.0, 0.0, 1.0, -0.012, 0.01, 0.01
Object, OZ_22_ma_Upole01E, 175.87599999999998, 10.824200000000001, 28.4306, 0.0, 0.0, 0.0, 1.0, -0.0083, 0.01, 0.01
Object, OZ_22_ma_Upole01E, 124.32600000000001, 10.824200000000001, -21.4555, 0.0, -0.707107, 0.0, 0.707107, -0.0118, 0.01, 0.01
Object, OZ_22_ma_Upole01E, 87.1049, 10.824200000000001, -51.5515, 0.0, 0.0, 0.0, 1.0, -0.011000000000000001, 0.01, 0.01
Object, OZ_22_ma_Upole01E, 137.65, 9.70906, 51.842299999999994, 0.0, -0.656059, 0.0, 0.75471, -0.008199999999999999, 0.01, 0.01
Object, OZ_22_ma_Upole01E, 134.018, 10.824200000000001, 9.61546, 0.0, -0.026177, 0.0, 0.999657, -0.0095, 0.01, 0.01
Object, OZ_22_ma_Upole01E, 152.297, 10.824200000000001, -20.671, 0.0, -0.707107, 0.0, 0.707107, -0.0123, 0.01, 0.01
Object, OZ_22_ma_Upole01E, 175.87599999999998, 10.824200000000001, 3.93617, 0.0, -0.0174524, 0.0, 0.999848, -0.0083, 0.01, 0.01
Object, OZ_22_ma_Upole01E, 149.928, 10.824200000000001, -51.5515, 0.0, 0.0, 0.0, 1.0, -0.0179, 0.01, 0.01
Object, OZ_22_se_boad01A, 88.5497, -0.010674399999999999, -40.052800000000005, 0.0, 0.0, 0.0, 1.0, -0.01, 0.01, 0.01
Object, OZ_80_hk_home01A, 84.2449, 0.0, 16.5224, 0.0, 0.0, 0.0, 1.0, -0.0097, 0.0097, 0.0097
Object, OZ_80_hk_home01A, 101.37200000000001, 0.0, 44.58390000000001, 0.0, 0.0, 0.0, 1.0, -0.01, 0.01, 0.01
Object, OZ_80_hk_home01A, 85.206, 0.0, 55.23350000000001, 0.0, 1.0, 0.0, 5.20549e-07, -0.01, 0.01, 0.01
Object, OZ_80_hk_home01A, 72.05460000000001, 0.0, -9.05233, 0.0, 0.707107, 0.0, 0.707107, -0.01, 0.01, 0.01
Object, OZ_80_hk_home01A, 115.27799999999999, 0.0, -28.0367, 0.0, -0.707107, 0.0, 0.707107, -0.01, 0.01, 0.01
Object, OZ_80_hk_home01A, 76.8086, 0.0, -64.02029999999999, 0.0, 1.0, 0.0, 1.2358e-06, -0.01, 0.01, 0.01
Object, OZ_80_hk_home01A, 144.063, 0.0, -5.90144, 0.0, 0.707107, 0.0, 0.707107, -0.0095, 0.0095, 0.0095
Object, OZ_80_hk_home01A, 168.13, 0.0, -5.02151, 0.0, 1.0, 0.0, -5.20549e-07, -0.0097, 0.0097, 0.0097
Object, OZ_80_hk_home01A, 68.5812, 0.0, -111.427, 0.0, 0.0, 0.0, 1.0, -0.01, 0.01, 0.01
Object, OZ_80_hk_home01A, 118.99700000000001, 0.0, -110.629, 0.0, -0.0407251, 0.0, 0.99917, -0.01, 0.01, 0.01
Object, OZ_80_hk_home01A, 215.96599999999998, 0.21409, -16.0259, 0.0, 0.707107, 0.0, 0.707107, -0.01, 0.01, 0.01
Object, OZ_80_hk_home01A, 215.921, 0.21409, 72.22970000000001, 0.0, 0.707107, 0.0, 0.707107, -0.01, 0.01, 0.01
Object, OZ_80_hk_home01A, 212.646, 0.21409, 88.8626, 0.0, 0.707107, 0.0, 0.707107, -0.01, 0.01, 0.01
Object, OZ_80_hk_home01A, 164.62900000000002, 0.0, -88.3748, 0.0, 0.994742, 0.0, 0.102416, -0.01, 0.01, 0.01
Object, OZ_80_hk_home01A, 99.5681, 0.0, -60.7704, 0.0, 1.0, 0.0, 1.2358e-06, -0.01, 0.01, 0.01
Object, OZ_80_hk_home01A, 168.13, 0.0, -20.5469, 0.0, 0.707107, 0.0, 0.707107, -0.0097, 0.0097, 0.0097
Object, OZ_80_hk_home02A, 161.503, 0.0, -61.7308, 0.0, 0.0, 0.0, 1.0, -0.01, 0.01, 0.01
Object, OZ_80_hk_home02A, 101.33, 0.0, -102.92200000000001, 0.0, 0.995066, 0.0, 0.0992157, -0.01, 0.01, 0.01
Object, OZ_80_hk_home02A, 166.31900000000002, 0.0, -105.48100000000001, 0.0, -0.0543571, 0.0, 0.998522, -0.01, 0.01, 0.01
Object, OZ_80_hk_home02A, 135.30700000000002, 0.0, -109.18200000000002, 0.0, -0.0562889, 0.0, 0.998415, -0.01, 0.01, 0.01
Object, OZ_80_hk_home02A, 105.02, 0.0, -11.724300000000001, 0.0, 1.0, 0.0, 5.20549e-07, -0.01, 0.01, 0.01
Object, OZ_80_hk_home02A, 82.71350000000001, 0.0, -28.1506, 0.0, 0.0, 0.0, 1.0, -0.01, 0.01, 0.01
Object, OZ_80_hk_home02A, 76.7663, 0.0, -80.41520000000001, 0.0, 0.0, 0.0, 1.0, -0.01, 0.01, 0.01
Object, OZ_80_hk_home02A, 92.8651, 0.0, -77.10520000000001, 0.0, 0.0, 0.0, 1.0, -0.01, 0.01, 0.01
Object, OZ_80_hk_home02A, 143.435, 0.0, -36.224000000000004, 0.0, 0.707107, 0.0, 0.707107, -0.0095, 0.0095, 0.0095
Object, OZ_80_hk_home02A, 183.81, 0.0, -4.408650000000001, 0.0, 1.0, 0.0, 0.0, -0.0098, 0.0098, 0.0098
Object, OZ_80_hk_home02A, 168.067, 0.0, -36.045700000000004, 0.0, 0.707107, 0.0, 0.707107, -0.0097, 0.0097, 0.0097
Object, OZ_80_hk_home02A, 182.68200000000002, 0.0, -102.504, 0.0, -0.0320674, 0.0, 0.999486, -0.01, 0.01, 0.01
Object, OZ_80_hk_home02A, 125.415, 0.0, 17.5454, 0.0, 0.999758, 0.0, 0.0219912, -0.01, 0.01, 0.01
Object, OZ_80_hk_home02A, 143.565, 0.0, 19.154, 0.0, -0.707107, 0.0, 0.707107, -0.01, 0.01, 0.01
Object, OZ_80_hk_home02A, 69.06920000000001, 0.0, 55.3711, 0.0, 1.0, 0.0, 5.20549e-07, -0.01, 0.01, 0.01
Object, OZ_80_hk_home02A, 183.891, 0.0, 19.7893, 0.0, 1.0, 0.0, 5.20549e-07, -0.0095, 0.0095, 0.0095
Object, OZ_80_hk_home02A, 139.806, 0.0, -21.0599, 0.0, 0.707107, 0.0, 0.707107, -0.0095, 0.0095, 0.0095
Object, OZ_80_hk_home02A, 215.61900000000003, 0.21409, 32.0972, 0.0, 0.707107, 0.0, 0.707107, -0.01, 0.01, 0.01
Object, OZ_80_hk_home03A, 125.23100000000001, 0.0, -68.0109, 0.0, 1.0, 0.0, -1.2358e-06, -0.01, 0.01, 0.01
Object, OZ_80_hk_home03A, 85.34030000000001, 0.0, -105.923, 0.0, 0.99685, 0.0, 0.0793081, -0.01, 0.01, 0.01
Object, OZ_80_hk_home03A, 181.775, 0.0, -85.6356, 0.0, 0.99814, 0.0, 0.0609646, -0.01, 0.01, 0.01
Object, OZ_80_hk_home03A, 88.8159, 0.0, -11.8858, 0.0, 1.0, 0.0, -1.2358e-06, -0.01, 0.01, 0.01
Object, OZ_80_hk_home03A, 99.1024, 0.0, -33.8967, 0.0, 7.15256e-07, 0.0, 1.0, -0.01, 0.01, 0.01
Object, OZ_80_hk_home03A, 141.65200000000002, 0.0, -64.16420000000001, 0.0, 1.0, 0.0, -1.2358e-06, -0.01, 0.01, 0.01
Object, OZ_80_hk_home03A, 183.82500000000002, 0.0, -20.1476, 0.0, -0.707106, 0.0, 0.707107, -0.0098, 0.0098, 0.0098
Object, OZ_80_hk_home03A, 183.82500000000002, 0.0, -35.7445, 0.0, -0.707106, 0.0, 0.707107, -0.0098, 0.0098, 0.0098
Object, OZ_80_hk_home03A, 148.726, 0.0, -91.90719999999999, 0.0, 0.993256, 0.0, 0.11594, -0.01, 0.01, 0.01
Object, OZ_80_hk_home03A, 68.6268, 0.0, 19.1792, 0.0, 1.0, 0.0, -1.2358e-06, -0.0097, 0.0097, 0.0097
Object, OZ_80_hk_home03A, 99.9147, 0.0, 16.459200000000003, 0.0, 8.02679e-07, 0.0, 1.0, -0.0097, 0.0097, 0.0097
Object, OZ_80_hk_home03A, 117.40200000000002, 0.0, 48.1583, 0.0, 8.02679e-07, 0.0, 1.0, -0.0097, 0.0097, 0.0097
Object, OZ_80_hk_home03A, 212.37, 0.21409, 15.934800000000001, 0.0, 0.707107, 0.0, 0.707106, -0.01, 0.01, 0.01
Object, OZ_80_hk_home03A, 212.37, 0.21409, 0.0016650400000000002, 0.0, 0.707107, 0.0, 0.707106, -0.01, 0.01, 0.01
Object, OZ_80_ma_yosino01A, 176.82, 0.0136414, 54.7821, 0.0, 0.999969, 0.0, 0.00789674, -0.01, 0.01, 0.01
Object, OZ_00_ma_cherry01B, 163.873, -0.16095099999999998, 63.543800000000005, 0.0, 0.999969, 0.0, 0.00789683, -0.01, 0.01, 0.01
Object, OZ_02_ma_plant02A, 164.631, 0.013642000000000001, 46.843500000000006, 0.0, 0.701501, 0.0, 0.712669, -0.01, 0.01, 0.01
Object, OZ_02_ma_plant02A, 188.55200000000002, 0.013642000000000001, 43.8545, 0.0, 0.999969, 0.0, 0.00789683, -0.01, 0.01, 0.01
Object, OZ_02_ma_plant02A, 166.78799999999998, 0.013642000000000001, 60.193400000000004, 0.0, 0.999969, 0.0, 0.00789683, -0.01, 0.01, 0.01
Object, OZ_02_ma_plant02A, 164.573, 0.013642000000000001, 65.2269, 0.0, 0.999969, 0.0, 0.00789683, -0.01, 0.01, 0.01
Object, OZ_02_ma_plant02A, 190.547, 0.013642000000000001, 47.252900000000004, 0.0, 0.701501, 0.0, 0.712669, -0.01, 0.01, 0.01
Object, OZ_02_ma_plant02A, 188.56900000000002, 0.013642000000000001, 65.85560000000001, 0.0, 0.999969, 0.0, 0.00789683, -0.01, 0.01, 0.01
Object, OZ_00_ma_cherry01B, 189.915, -0.16095099999999998, 52.1866, 0.0, 0.999969, 0.0, 0.00789683, -0.01, 0.01, 0.01
Object, OZ_02_ma_plant02B, 150.724, -0.146393, 62.341300000000004, 0.0, 0.999986, 0.0, 0.00532433, -0.01, 0.01, 0.01
Object, OZ_80_ma_asakura01A, 153.947, 0.0136414, 58.703900000000004, 0.0, 0.999986, 0.0, 0.00532433, -0.01, 0.01, 0.01
Effects, 03_001_00, 163.93599999999998, 0.22488600000000003, 63.59010000000001, 0.0, 0.0, 0.0, 1.0, -0.01, 0.01, 0.01
Effects, 03_001_00, 189.89900000000003, 0.22488600000000003, 52.1682, 0.0, 0.0, 0.0, 1.0, -0.01, 0.01, 0.01
Distant, OZ_60_hi_enk01A, 0.0, -37.4964, 6.63524e-05, 0.0, 0.0, 0.0, 1.0, -0.01, 0.01, 0.01
