Map, FZ_A01_road01_AAA, -360.0, 0, -40.0, 0, 0.0, 0, 1.0, -0.01, 0.01, 0.01
Map, FZ_A01_road01_AAA, -440.0, 0, -40.0, 0, 0.0, 0, 1.0, -0.01, 0.01, 0.01
Map, FZ_A01_road01_AAB, -360.0, 0, -120.0, 0, 0.0, 0, 1.0, -0.01, 0.01, 0.01
Map, FZ_A01_road01_AAB, -440.0, 0, -120.0, 0, 0.0, 0, 1.0, -0.01, 0.01, 0.01
Map, FZ_A01_road01_AAC, -360.0, 0, -200.0, 0, 0.0, 0, 1.0, -0.01, 0.01, 0.01
Map, FZ_A01_road01_AAC, -440.0, 0, -200.0, 0, 0.0, 0, 1.0, -0.01, 0.01, 0.01
Map, FZ_A01_road01_AAD, -360.0, 0, -280.0, 0, 0.0, 0, 1.0, -0.01, 0.01, 0.01
Map, FZ_A01_road01_AAD, -440.0, 0, -280.0, 0, 0.0, 0, 1.0, -0.01, 0.01, 0.01
Map, FZ_A01_road01_AAE, -280.0, 0, 280.0, 0, 0.0, 0, 1.0, -0.01, 0.01, 0.01
Map, FZ_A01_road01_AAF, -280.0, 0, 200.0, 0, 0.0, 0, 1.0, -0.01, 0.01, 0.01
Map, FZ_A01_road01_AAG, -280.0, 0, 120.0, 0, 0.0, 0, 1.0, -0.01, 0.01, 0.01
Map, FZ_A01_road01_AAH, -280.0, 0, 40.0, 0, 0.0, 0, 1.0, -0.01, 0.01, 0.01
Map, FZ_A01_road01_AAI, -280.0, 0, -40.0, 0, 0.0, 0, 1.0, -0.01, 0.01, 0.01
Map, FZ_A01_road01_AAJ, -280.0, 0, -120.0, 0, 0.0, 0, 1.0, -0.01, 0.01, 0.01
Map, FZ_A01_road01_AAK, -280.0, 0, -200.0, 0, 0.0, 0, 1.0, -0.01, 0.01, 0.01
Map, FZ_A01_road01_AAL, -280.0, 0, -280.0, 0, 0.0, 0, 1.0, -0.01, 0.01, 0.01
Map, FZ_A01_road01_AAM, -200.0, 0, 280.0, 0, 0.0, 0, 1.0, -0.01, 0.01, 0.01
Map, FZ_A01_road01_AAN, -200.0, 0, 200.0, 0, 0.0, 0, 1.0, -0.01, 0.01, 0.01
Map, FZ_A01_road01_AAO, -200.0, 0, 120.0, 0, 0.0, 0, 1.0, -0.01, 0.01, 0.01
Map, FZ_A01_road01_AAP, -200.0, 0, 40.0, 0, 0.0, 0, 1.0, -0.01, 0.01, 0.01
Map, FZ_A01_road01_AAQ, -200.0, 0, -40.0, 0, 0.0, 0, 1.0, -0.01, 0.01, 0.01
Map, FZ_A01_road01_AAR, -200.0, 0, -120.0, 0, 0.0, 0, 1.0, -0.01, 0.01, 0.01
Map, FZ_A01_road01_AAS, -200.0, 0, -200.0, 0, 0.0, 0, 1.0, -0.01, 0.01, 0.01
Map, FZ_A01_road01_AAT, -200.0, 0, -280.0, 0, 0.0, 0, 1.0, -0.01, 0.01, 0.01
Map, FZ_A01_road01_AAV, -120.0, 0, 280.0, 0, 0.0, 0, 1.0, -0.01, 0.01, 0.01
Map, FZ_A01_road01_AAV, 40.0, 0, 280.0, 0, 0.0, 0, 1.0, -0.01, 0.01, 0.01
Map, FZ_A01_road01_AAV, 40.0, 0, 360.0, 0, 0.0, 0, 1.0, -0.01, 0.01, 0.01
Map, FZ_A01_road01_AAV, 120.0, 0, 360.0, 0, 0.0, 0, 1.0, -0.01, 0.01, 0.01
Map, FZ_A01_road01_AAV, 120.0, 0, 280.0, 0, 0.0, 0, 1.0, -0.01, 0.01, 0.01
Map, FZ_A01_road01_AAV, -120.0, 0, 360.0, 0, 0.0, 0, 1.0, -0.01, 0.01, 0.01
Map, FZ_A01_road01_AAW, -120.0, 0, 200.0, 0, 0.0, 0, 1.0, -0.01, 0.01, 0.01
Map, FZ_A01_road01_AAX, -120.0, 0, 120.0, 0, 0.0, 0, 1.0, -0.01, 0.01, 0.01
Map, FZ_A01_road01_AAY, -120.0, 0, 40.0, 0, 0.0, 0, 1.0, -0.01, 0.01, 0.01
Map, FZ_A01_road01_AAZ, -120.0, 0, -40.0, 0, 0.0, 0, 1.0, -0.01, 0.01, 0.01
Map, FZ_A01_road01_ABA, -120.0, 0, -120.0, 0, 0.0, 0, 1.0, -0.01, 0.01, 0.01
Map, FZ_A01_road01_ABB, -120.0, 0, -200.0, 0, 0.0, 0, 1.0, -0.01, 0.01, 0.01
Map, FZ_A01_road01_ABC, -120.0, 0, -280.0, 0, 0.0, 0, 1.0, -0.01, 0.01, 0.01
Map, FZ_A01_road01_ABD, -40.0, 0, 440.0, 0, 0.0, 0, 1.0, -0.01, 0.01, 0.01
Map, FZ_A01_road01_ABE, -40.0, 0, 360.0, 0, 0.0, 0, 1.0, -0.01, 0.01, 0.01
Map, FZ_A01_road01_ABF, -40.0, 0, 280.0, 0, 0.0, 0, 1.0, -0.01, 0.01, 0.01
Map, FZ_A01_road01_ABG, -40.0, 0, 200.0, 0, 0.0, 0, 1.0, -0.01, 0.01, 0.01
Map, FZ_A01_road01_ABH, -40.0, 0, 120.0, 0, 0.0, 0, 1.0, -0.01, 0.01, 0.01
Map, FZ_A01_road01_ABI, -40.0, 0, 40.0, 0, 0.0, 0, 1.0, -0.01, 0.01, 0.01
Map, FZ_A01_road01_ABJ, -40.0, 0, -40.0, 0, 0.0, 0, 1.0, -0.01, 0.01, 0.01
Map, FZ_A01_road01_ABK, -40.0, 0, -120.0, 0, 0.0, 0, 1.0, -0.01, 0.01, 0.01
Map, FZ_A01_road01_ABL, -40.0, 0, -200.0, 0, 0.0, 0, 1.0, -0.01, 0.01, 0.01
Map, FZ_A01_road01_ABM, -40.0, 0, -280.0, 0, 0.0, 0, 1.0, -0.01, 0.01, 0.01
Map, FZ_A01_road01_ABN, 40.0, 0, 200.0, 0, 0.0, 0, 1.0, -0.01, 0.01, 0.01
Map, FZ_A01_road01_ABO, 40.0, 0, 120.0, 0, 0.0, 0, 1.0, -0.01, 0.01, 0.01
Map, FZ_A01_road01_ABP, 40.0, 0, 40.0, 0, 0.0, 0, 1.0, -0.01, 0.01, 0.01
Map, FZ_A01_road01_ABQ, 40.0, 0, -40.0, 0, 0.0, 0, 1.0, -0.01, 0.01, 0.01
Map, FZ_A01_road01_ABR, 40.0, 0, -120.0, 0, 0.0, 0, 1.0, -0.01, 0.01, 0.01
Map, FZ_A01_road01_ABS, 40.0, 0, -200.0, 0, 0.0, 0, 1.0, -0.01, 0.01, 0.01
Map, FZ_A01_road01_ABT, 40.0, 0, -280.0, 0, 0.0, 0, 1.0, -0.01, 0.01, 0.01
Map, FZ_A01_road01_ABU, 120.0, 0, 200.0, 0, 0.0, 0, 1.0, -0.01, 0.01, 0.01
Map, FZ_A01_road01_ABV, 120.0, 0, 120.0, 0, 0.0, 0, 1.0, -0.01, 0.01, 0.01
Map, FZ_A01_road01_ABW, 120.0, 0, 40.0, 0, 0.0, 0, 1.0, -0.01, 0.01, 0.01
Map, FZ_A01_road01_ABX, 120.0, 0, -40.0, 0, 0.0, 0, 1.0, -0.01, 0.01, 0.01
Map, FZ_A01_road01_ABY, 120.0, 0, -120.0, 0, 0.0, 0, 1.0, -0.01, 0.01, 0.01
Map, FZ_A01_road01_ABZ, 120.0, 0, -200.0, 0, 0.0, 0, 1.0, -0.01, 0.01, 0.01
Map, FZ_A01_road01_ACA, 120.0, 0, -280.0, 0, 0.0, 0, 1.0, -0.01, 0.01, 0.01
Object, OZ_29_kn_station04G, -11.493699999999999, 0.0, 296.529, 0.0, 0.0810686, 0.0, 0.996709, -0.01, 0.01, 0.01
Object, OZ_29_kn_station05F, -8.98545, 6.878150000000001, 362.45, 0.0, 0.0810686, 0.0, 0.996709, -0.01, 0.01, 0.01
Object, OZ_29_kn_station07A, -6.87632, 0.0, 356.10699999999997, 0.0, 0.0810686, 0.0, 0.996709, -0.01, 0.01, 0.01
Object, OZ_29_kn_station05F, -12.419500000000001, 6.878150000000001, 341.48, 0.0, 0.0810686, 0.0, 0.996709, -0.01, 0.01, 0.01
Object, OZ_29_kn_station07A, -26.3487, 0.0, 237.10500000000002, 0.0, 0.0810686, 0.0, 0.996709, -0.01, 0.01, 0.01
Object, OZ_29_kn_station06E, -28.4448, 14.5032, 243.631, 0.0, 0.0810686, 0.0, 0.996709, -0.01, 0.01, 0.01
Object, OZ_29_kn_station07A, -24.6422, 0.0, 247.852, 0.0, 0.0810686, 0.0, 0.996709, -0.01, 0.01, 0.01
Object, OZ_29_kn_station07A, -8.615, 0.0, 345.559, 0.0, 0.0810686, 0.0, 0.996709, -0.01, 0.01, 0.01
Object, OZ_29_kn_station05F, -15.8536, 6.878150000000001, 320.509, 0.0, 0.0810686, 0.0, 0.996709, -0.01, 0.01, 0.01
Object, OZ_29_kn_station07A, -22.905, 0.0, 258.322, 0.0, 0.0810686, 0.0, 0.996709, -0.01, 0.01, 0.01
Object, OZ_29_kn_station05F, -26.709600000000002, 6.878150000000001, 254.24200000000002, 0.0, 0.0810686, 0.0, 0.996709, -0.01, 0.01, 0.01
Object, OZ_29_kn_station07A, -21.166300000000003, 0.0, 268.869, 0.0, 0.0810686, 0.0, 0.996709, -0.01, 0.01, 0.01
Object, OZ_29_kn_station05F, -23.2755, 6.878150000000001, 275.213, 0.0, 0.0810686, 0.0, 0.996709, -0.01, 0.01, 0.01
Object, OZ_29_kn_station06E, -25.010700000000003, 14.5032, 264.601, 0.0, 0.0810686, 0.0, 0.996709, -0.01, 0.01, 0.01
Object, OZ_29_kn_station07A, -19.203699999999998, 0.0, 280.723, 0.0, 0.0810686, 0.0, 0.996709, -0.01, 0.01, 0.01
Object, OZ_29_kn_station06E, -21.2998, 14.5032, 287.249, 0.0, 0.0810686, 0.0, 0.996709, -0.01, 0.01, 0.01
Object, OZ_29_kn_station07A, -17.4972, 0.0, 291.471, 0.0, 0.0810686, 0.0, 0.996709, -0.01, 0.01, 0.01
Object, OZ_29_kn_station06E, -10.720699999999999, 14.5032, 351.839, 0.0, 0.0810686, 0.0, 0.996709, -0.01, 0.01, 0.01
Object, OZ_29_kn_station05F, -22.998600000000003, 6.878150000000001, 276.89, 0.0, 0.0810686, 0.0, 0.996709, -0.01, 0.01, 0.01
Object, OZ_29_kn_station07A, -15.76, 0.0, 301.941, 0.0, 0.0810686, 0.0, 0.996709, -0.01, 0.01, 0.01
Object, OZ_29_kn_station05F, -19.564500000000002, 6.878150000000001, 297.861, 0.0, 0.0810686, 0.0, 0.996709, -0.01, 0.01, 0.01
Object, OZ_29_kn_station07A, -14.021300000000002, 0.0, 312.488, 0.0, 0.0810686, 0.0, 0.996709, -0.01, 0.01, 0.01
Object, OZ_29_kn_station05F, -16.1305, 6.878150000000001, 318.832, 0.0, 0.0810686, 0.0, 0.996709, -0.01, 0.01, 0.01
Object, OZ_29_kn_station06E, -17.8657, 14.5032, 308.22, 0.0, 0.0810686, 0.0, 0.996709, -0.01, 0.01, 0.01
Object, OZ_29_kn_station07A, -12.0587, 0.0, 324.34200000000004, 0.0, 0.0810686, 0.0, 0.996709, -0.01, 0.01, 0.01
Object, OZ_29_kn_station06E, -14.1548, 14.5032, 330.86800000000005, 0.0, 0.0810686, 0.0, 0.996709, -0.01, 0.01, 0.01
Object, OZ_29_kn_station07A, -10.3522, 0.0, 335.089, 0.0, 0.0810686, 0.0, 0.996709, -0.01, 0.01, 0.01
Object, OZ_29_kn_station04G, -4.34869, 0.0, 340.148, 0.0, 0.0810686, 0.0, 0.996709, -0.01, 0.01, 0.01
Object, OZ_29_kn_station04G, -18.6387, 0.0, 252.91, 0.0, 0.0810686, 0.0, 0.996709, -0.01, 0.01, 0.01
Object, OZ_29_kn_station06E, -32.1558, 14.5032, 220.983, 0.0, 0.0810686, 0.0, 0.996709, -0.01, 0.01, 0.01
Object, OZ_29_kn_station05F, -30.420500000000004, 6.878150000000001, 231.59400000000002, 0.0, 0.0810686, 0.0, 0.996709, -0.01, 0.01, 0.01
Object, OZ_29_kn_station07A, -28.3114, 0.0, 225.25099999999998, 0.0, 0.0810686, 0.0, 0.996709, -0.01, 0.01, 0.01
Object, OZ_29_kn_station04G, -25.7837, 0.0, 209.292, 0.0, 0.0810686, 0.0, 0.996709, -0.01, 0.01, 0.01
Object, OZ_29_kn_station05F, -30.143600000000003, 6.878150000000001, 233.27200000000002, 0.0, 0.0810686, 0.0, 0.996709, -0.01, 0.01, 0.01
Object, OZ_29_kn_station07A, -30.05, 0.0, 214.703, 0.0, 0.0810686, 0.0, 0.996709, -0.01, 0.01, 0.01
Object, OZ_29_kn_station07A, -31.787300000000002, 0.0, 204.233, 0.0, 0.0810686, 0.0, 0.996709, -0.01, 0.01, 0.01
Object, OZ_29_kn_station05F, -33.8546, 6.878150000000001, 210.62400000000002, 0.0, 0.0810686, 0.0, 0.996709, -0.01, 0.01, 0.01
Object, OZ_29_kn_station06E, -35.589800000000004, 14.5032, 200.012, 0.0, 0.0810686, 0.0, 0.996709, -0.01, 0.01, 0.01
Object, OZ_29_kn_station07A, -33.4938, 0.0, 193.486, 0.0, 0.0810686, 0.0, 0.996709, -0.01, 0.01, 0.01
Object, OZ_29_kn_station07A, -35.6042, 0.0, 181.1, 0.0, 0.0810689, 0.0, 0.996709, -0.01, 0.01, 0.01
Object, OZ_29_kn_station05F, -39.9087, 6.878150000000001, 173.683, 0.0, 0.0810689, 0.0, 0.996709, -0.01, 0.01, 0.01
Object, OZ_29_kn_station07A, -38.225500000000004, 0.0, 164.94, 0.0, 0.0810689, 0.0, 0.996709, -0.01, 0.01, 0.01
Object, OZ_29_kn_station05F, -37.2887, 6.878150000000001, 189.653, 0.0, 0.0810686, 0.0, 0.996709, -0.01, 0.01, 0.01
Object, OZ_29_kn_station06F, -41.0726, 14.5032, 165.755, 0.0, 0.0810689, 0.0, 0.996709, -0.01, 0.01, 0.01
Object, OZ_29_kn_station04E, -33.1095, 0.0, 164.56799999999998, 0.0, 0.0810689, 0.0, 0.996709, -0.01, 0.01, 0.01
Object, OZ_29_kn_station05F, -42.4549, 6.878150000000001, 158.39700000000002, 0.0, 0.0810689, 0.0, 0.996709, -0.01, 0.01, 0.01
Object, OZ_29_kn_station07A, -40.4929, 0.0, 150.963, 0.0, 0.0810689, 0.0, 0.996709, -0.01, 0.01, 0.01
Object, OZ_00_nk_tree01D, -154.368, 0.0, -44.5763, 0.0, 0.0, 0.0, 1.0, -0.01, 0.01, 0.01
Object, OZ_00_nk_tree01E, -146.47299999999998, -0.103325, -44.567, 0.0, 0.113203, 0.0, 0.993572, -0.0128057, 0.0128058, 0.0128057
Object, OZ_00_nk_tree01E, -161.211, -0.103325, -44.2641, 0.0, -0.707107, 0.0, 0.707107, -0.0128058, 0.0128058, 0.0128058
Object, OZ_35_ma_wall06A, -14.118900000000002, 6.99999, 79.8319, 0.0, 0.0, 0.0, 1.0, -0.01, 0.01, 0.01
Object, OZ_00_ks_tree01A, -112.24600000000001, 0.0, -119.727, 0.0, 0.0, 0.0, 1.0, -0.01, 0.01, 0.01
Object, OZ_00_ks_tree01A, -115.98100000000001, 0.0, -118.584, 0.0113879, 0.988578, 0.110302, 0.102067, -0.0111709, 0.00853608, 0.0111709
Object, OZ_00_ks_tree01A, -119.26299999999999, 0.0, -119.665, 0.0, 0.621544, 0.0, 0.783379, -0.0111709, 0.00853608, 0.0111709
Object, OZ_00_ks_tree01A, -88.26209999999999, 6.0, 2.30355, 0.0, 0.180503, 0.0, 0.983575, -0.0111709, 0.00853608, 0.0111709
Object, OZ_00_ks_tree01A, -88.14030000000001, 6.0, 6.67781, 0.0, 0.900734, 0.0, -0.434372, -0.0111709, 0.00853608, 0.0111709
Object, OZ_00_ks_tree01A, -87.8342, 6.0, 10.593, 0.0, -0.602786, 0.0, 0.797903, -0.0111709, 0.00853608, 0.0111709
Object, OZ_00_nk_Dtree01A, -66.2337, 0.0, 2.9310500000000004, 0.0, 0.0, 0.0, 1.0, -0.01, 0.01, 0.01
Object, OZ_00_nk_Dtree01A, -65.3673, 0.0, 25.943800000000003, 0.0, 0.0, 0.0, 1.0, -0.01, 0.01, 0.01
Object, OZ_00_nk_Dtree01A, -65.9603, 0.0, 14.1315, 0.0, 0.0, 0.0, 1.0, -0.01, 0.01, 0.01
Object, OZ_00_nk_Dtree01A, -65.187, 0.0, 37.9, 0.0, 0.0, 0.0, 1.0, -0.01, 0.01, 0.01
Object, OZ_00_nk_Dtree01A, -64.6067, 0.0, 51.6491, 0.0, 0.0, 0.0, 1.0, -0.01, 0.01, 0.01
Object, OZ_00_nk_Dtree01A, -64.47670000000001, 0.0, 60.939, 0.0, 0.0, 0.0, 1.0, -0.01, 0.01, 0.01
Object, OZ_00_nk_Dtree01A, -64.1631, 0.0, 76.13680000000001, 0.0, 0.0, 0.0, 1.0, -0.01, 0.01, 0.01
Object, OZ_00_nk_Dtree01A, -63.089600000000004, 0.0, 111.83500000000001, 0.0, 0.0, 0.0, 1.0, -0.01, 0.01, 0.01
Object, OZ_00_nk_Dtree01A, -63.4033, 0.0, 96.6367, 0.0, 0.0, 0.0, 1.0, -0.01, 0.01, 0.01
Object, OZ_00_nk_Dtree01A, -63.533300000000004, 0.0, 87.3468, 0.0, 0.0, 0.0, 1.0, -0.01, 0.01, 0.01
Object, OZ_00_nk_Dtree01A, -63.4066, 0.0, 104.86200000000001, 0.0, 0.0, 0.0, 1.0, -0.01, 0.01, 0.01
Object, OZ_00_nk_Dtree01A, -62.9683, 0.0, 125.004, 0.0, 0.0, 0.0, 1.0, -0.01, 0.01, 0.01
Object, OZ_00_nk_Dtree01A, -140.25, 0.0, 88.5525, 0.0, 0.0, 0.0, 1.0, -0.01, 0.01, 0.01
Object, OZ_00_nk_Dtree01A, -140.25, 0.0, 98.338, 0.0, 0.0, 0.0, 1.0, -0.01, 0.01, 0.01
Object, OZ_00_nk_Dtree01A, -140.25, 0.0, 118.227, 0.0, 0.0, 0.0, 1.0, -0.01, 0.01, 0.01
Object, OZ_00_nk_Dtree01A, -140.25, 0.0, 108.44200000000001, 0.0, 0.0, 0.0, 1.0, -0.01, 0.01, 0.01
Object, OZ_00_nk_Dtree01A, -140.25, 0.0, 158.941, 0.0, 0.0, 0.0, 1.0, -0.01, 0.01, 0.01
Object, OZ_00_nk_Dtree01A, -140.25, 0.0, 149.156, 0.0, 0.0, 0.0, 1.0, -0.01, 0.01, 0.01
Object, OZ_00_nk_Dtree01A, -140.25, 0.0, 139.05200000000002, 0.0, 0.0, 0.0, 1.0, -0.01, 0.01, 0.01
Object, OZ_00_nk_Dtree01A, -140.25, 0.0, 129.267, 0.0, 0.0, 0.0, 1.0, -0.01, 0.01, 0.01
Object, OZ_00_nk_Dtree01A, -135.20600000000002, 0.0, 108.44200000000001, 0.0, 0.0, 0.0, 1.0, -0.01, 0.01, 0.01
Object, OZ_00_nk_Dtree01A, -135.20600000000002, 0.0, 118.227, 0.0, 0.0, 0.0, 1.0, -0.01, 0.01, 0.01
Object, OZ_00_nk_Dtree01A, -135.20600000000002, 0.0, 129.267, 0.0, 0.0, 0.0, 1.0, -0.01, 0.01, 0.01
Object, OZ_00_nk_tree01D, -74.1276, 0.0, -117.139, 0.0, 0.0, 0.0, 1.0, -0.01, 0.01, 0.01
Object, OZ_00_nk_tree01D, -118.158, 0.0, -30.4148, 0.0, 0.0, 0.0, 1.0, -0.01, 0.01, 0.01
Object, OZ_00_nk_tree01D, -88.9825, 0.0, -30.6781, 0.0, 0.461749, 0.0, 0.887011, -0.01, 0.01, 0.01
Object, OZ_00_nk_tree01D, -136.22, 0.0, -44.5763, 0.0, 0.0, 0.0, 1.0, -0.01, 0.01, 0.01
Object, OZ_00_nk_tree01D, -121.245, 0.0, -44.5763, 0.0, 0.0, 0.0, 1.0, -0.01, 0.01, 0.01
Object, OZ_00_nk_tree01D, -141.0, 0.0, -8.0, 0.0, 0.0, 0.0, 1.0, -0.01, 0.01, 0.01
Object, OZ_00_nk_tree01D, -141.0, 0.0, 2.0, 0.0, 0.0, 0.0, 1.0, -0.01, 0.01, 0.01
Object, OZ_00_nk_tree01D, -140.849, 0.0, 40.4621, 0.0, 0.0, 0.0, 1.0, -0.01, 0.01, 0.01
Object, OZ_00_nk_tree01D, -141.0, 0.0, 11.996500000000001, 0.0, 0.0, 0.0, 1.0, -0.01, 0.01, 0.01
Object, OZ_00_nk_tree01D, -140.849, 0.0, 78.929, 0.0, 0.0, 0.0, 1.0, -0.01, 0.01, 0.01
Object, OZ_00_nk_tree01D, -141.0, 0.0, 50.4634, 0.0, 0.0, 0.0, 1.0, -0.01, 0.01, 0.01
Object, OZ_00_nk_tree01E, -74.0883, -0.103325, -104.553, 0.0, 0.0, 0.0, 1.0, -0.0128058, 0.0128058, 0.0128058
Object, OZ_00_nk_tree01E, -74.2729, -0.103325, -129.953, 0.0, 0.0, 0.0, 1.0, -0.0128058, 0.0128058, 0.0128058
Object, OZ_00_nk_tree01E, -138.884, -0.103325, -30.2054, 0.0, -0.374607, 0.0, 0.927184, -0.0128058, 0.0128058, 0.0128058
Object, OZ_00_nk_tree01E, -135.251, -0.103325, -30.2054, 0.0, 0.894934, 0.0, -0.446198, -0.0128058, 0.0128058, 0.0128058
Object, OZ_00_nk_tree01E, -123.914, -0.103325, -30.1025, 0.0, -0.861629, 0.0, 0.507538, -0.0128057, 0.0128058, 0.0128057
Object, OZ_00_nk_tree01E, -130.47299999999998, -0.103325, -30.2054, 0.0, 0.199368, 0.0, 0.979925, -0.0128058, 0.0128058, 0.0128058
Object, OZ_00_nk_tree01E, -93.3311, -0.103325, -30.4954, 0.0, -0.544639, 0.0, 0.838671, -0.0128058, 0.0128058, 0.0128058
Object, OZ_00_nk_tree01E, -98.81389999999999, -0.103325, -30.444499999999998, 0.0, -0.241922, 0.0, 0.970296, -0.0128057, 0.0128058, 0.0128057
Object, OZ_00_nk_tree01E, -128.088, -0.103325, -44.263999999999996, 0.0, -0.707107, 0.0, 0.707107, -0.0128058, 0.0128058, 0.0128058
Object, OZ_00_nk_tree01E, -113.35000000000001, -0.103325, -43.997, 0.0, 0.113203, 0.0, 0.993572, -0.0128057, 0.0128058, 0.0128057
Object, OZ_00_nk_tree01E, -136.0, 0.0, -8.0, 0.0, 0.894934, 0.0, -0.446198, -0.0128058, 0.0128058, 0.0128058
Object, OZ_00_nk_tree01E, -136.0, 0.0, 2.0, 0.0, 0.894934, 0.0, -0.446198, -0.0128058, 0.0128058, 0.0128058
Object, OZ_00_nk_tree01E, -140.88, 0.0, 31.195300000000003, 0.0, 0.894934, 0.0, -0.446198, -0.0128058, 0.0128058, 0.0128058
Object, OZ_00_nk_tree01E, -140.88, 0.0, 22.0117, 0.0, 0.894934, 0.0, -0.446198, -0.0128058, 0.0128058, 0.0128058
Object, OZ_00_nk_tree01E, -140.88, 0.0, 69.6622, 0.0, 0.894934, 0.0, -0.446198, -0.0128058, 0.0128058, 0.0128058
Object, OZ_00_nk_tree01E, -140.88, 0.0, 60.4786, 0.0, 0.894934, 0.0, -0.446198, -0.0128058, 0.0128058, 0.0128058
Object, OZ_02_se_plant01A, -93.7224, 0.45, -119.675, 0.0, 0.0, 0.0, 1.0, -0.01, 0.01, 0.01
Object, OZ_02_se_plant01A, -93.5201, 0.45, -128.34, 0.0, 0.0, 0.0, 1.0, -0.01, 0.01, 0.01
Object, OZ_02_se_plant01A, -93.48540000000001, 0.45, -136.983, 0.0, 0.843391, 0.0, 0.5373, -0.01, 0.01, 0.01
Object, OZ_02_se_plant01A, -83.6831, 0.45, -126.429, 0.0, 0.0, 0.0, 1.0, -0.01, 0.01, 0.01
Object, OZ_02_se_plant01A, -83.6485, 0.45, -141.365, 0.0, 0.843391, 0.0, 0.5373, -0.01, 0.01, 0.01
Object, OZ_02_se_plant01A, -83.6831, 0.45, -134.088, 0.0, 0.0, 0.0, 1.0, -0.01, 0.01, 0.01
Object, OZ_04_ks_plant01A, -75.2653, 6.0, 123.87299999999999, 0.0, 0.0, 0.0, 1.0, -0.01, 0.01, 0.01
Object, OZ_04_ks_plant01A, -135.208, 6.0, 70.1268, 0.0, -0.173648, 0.0, 0.984808, -0.01, 0.01, 0.01
Object, OZ_04_ks_plant01A, -135.208, 6.0, 62.1961, 0.0, 0.0871557, 0.0, 0.996195, -0.00999999, 0.01, 0.00999999
Object, OZ_04_ks_plant01A, -135.208, 6.0, 46.256099999999996, 0.0, 0.5, 0.0, 0.866025, -0.01, 0.01, 0.01
Object, OZ_04_ks_plant01A, -135.208, 6.0, 54.186800000000005, 0.0, 0.5, 0.0, 0.866025, -0.01, 0.01, 0.01
Object, OZ_04_ks_plant01A, -135.208, 6.0, 38.1948, 0.0, 0.642788, 0.0, 0.766044, -0.01, 0.01, 0.01
Object, OZ_04_ks_plant01A, -75.2653, 6.0, 122.40100000000001, 0.0, 0.0, 0.0, 1.0, -0.01, 0.01, 0.01
Object, OZ_04_ks_plant01A, -75.2653, 6.0, 111.146, 0.0, 0.0, 0.0, 1.0, -0.01, 0.01, 0.01
Object, OZ_04_ks_plant01A, -75.2653, 6.0, 112.618, 0.0, 0.0, 0.0, 1.0, -0.01, 0.01, 0.01
Object, OZ_04_ks_plant01A, -75.2653, 6.0, 99.84209999999999, 0.0, 0.0, 0.0, 1.0, -0.01, 0.01, 0.01
Object, OZ_04_ks_plant01A, -75.2653, 6.0, 101.31299999999999, 0.0, 0.0, 0.0, 1.0, -0.01, 0.01, 0.01
Object, OZ_04_ks_plant01A, -75.2653, 6.0, 88.20700000000001, 0.0, 0.0, 0.0, 1.0, -0.01, 0.01, 0.01
Object, OZ_04_ks_plant01A, -75.2653, 6.0, 89.6782, 0.0, 0.0, 0.0, 1.0, -0.01, 0.01, 0.01
Object, OZ_04_ks_plant01B, -135.208, 6.0, 58.3416, 0.0, 0.0, 0.0, 1.0, -0.01, 0.01, 0.01
Object, OZ_04_ks_plant01B, -135.208, 6.0, 66.28920000000001, 0.0, 0.0, 0.0, 1.0, -0.01, 0.01, 0.01
Object, OZ_04_ks_plant01B, -135.208, 6.0, 74.2613, 0.0, 0.0, 0.0, 1.0, -0.01, 0.01, 0.01
Object, OZ_04_ks_plant01B, -135.208, 6.0, 50.29560000000001, 0.0, 0.0, 0.0, 1.0, -0.01, 0.01, 0.01
Object, OZ_04_ks_plant01B, -135.208, 6.0, 42.3235, 0.0, 0.0, 0.0, 1.0, -0.01, 0.01, 0.01
Object, OZ_20_er_bicycle01A, -105.13799999999999, 0.0, -155.709, 0.0, 0.0, 0.0, 1.0, -0.01, 0.01, 0.01
Object, OZ_20_er_bicycle02A, -103.644, 0.0, -155.633, 0.0, 0.0, 0.0, 1.0, -0.01, 0.01, 0.01
Object, OZ_20_er_lamp01A, -120.868, 0.0, -152.129, 0.0, 0.0, 0.0, 1.0, -0.01, 0.01, 0.01
Object, OZ_20_er_lamp01A, -101.241, 0.0, -145.238, 0.0, -0.707107, 0.0, 0.707107, -0.01, 0.01, 0.01
Object, OZ_20_er_lamp01A, -100.363, 0.0, -131.026, 0.0, -0.707107, 0.0, 0.707107, -0.01, 0.01, 0.01
Object, OZ_20_er_lamp01A, -77.995, 0.0, -136.37, 0.0, -0.707107, 0.0, 0.707107, -0.01, 0.01, 0.01
Object, OZ_20_er_lamp01A, -77.3954, 0.0, -123.73299999999999, 0.0, -0.707107, 0.0, 0.707107, -0.01, 0.01, 0.01
Object, OZ_20_er_lamp01A, -129.14600000000002, 0.0, -152.129, 0.0, 0.0, 0.0, 1.0, -0.01, 0.01, 0.01
Object, OZ_20_er_lamp01A, -145.5, 0.0, -152.129, 0.0, 0.0, 0.0, 1.0, -0.01, 0.01, 0.01
Object, OZ_20_er_lamp01A, -137.221, 0.0, -152.129, 0.0, 0.0, 0.0, 1.0, -0.01, 0.01, 0.01
Object, OZ_20_er_lamp01A, -76.47720000000001, 0.0, -98.11370000000001, 0.0, -0.707107, 0.0, 0.707107, -0.01, 0.01, 0.01
Object, OZ_20_er_lamp01A, -77.3954, 0.0, -110.603, 0.0, -0.707107, 0.0, 0.707107, -0.01, 0.01, 0.01
Object, OZ_20_er_lamp01A, -100.22200000000001, 0.0, -100.785, 0.0, -0.707107, 0.0, 0.707107, -0.01, 0.01, 0.01
Object, OZ_20_er_lamp01A, -100.41600000000001, 0.0, -115.406, 0.0, -0.707107, 0.0, 0.707107, -0.01, 0.01, 0.01
Object, OZ_20_er_lamp01A, -113.169, 0.0, -152.129, 0.0, 0.0, 0.0, 1.0, -0.01, 0.01, 0.01
Object, OZ_20_er_lamp01A, -154.31799999999998, 0.0, -152.129, 0.0, 0.0, 0.0, 1.0, -0.01, 0.01, 0.01
Object, OZ_20_er_lamp01A, -162.97, 0.0, -152.129, 0.0, 0.0, 0.0, 1.0, -0.01, 0.01, 0.01
Object, OZ_20_hi_plant01A, -93.7224, 0.0, -119.675, 0.0, 0.0, 0.0, 1.0, -0.01, 0.01, 0.01
Object, OZ_20_hi_plant01A, -93.5201, 0.0, -128.34, 0.0, 0.0, 0.0, 1.0, -0.01, 0.01, 0.01
Object, OZ_20_hi_plant01A, -93.48540000000001, 0.0, -136.983, 0.0, 0.843391, 0.0, 0.5373, -0.01, 0.01, 0.01
Object, OZ_20_hi_plant01A, -83.6831, 0.0, -126.429, 0.0, 0.0, 0.0, 1.0, -0.01, 0.01, 0.01
Object, OZ_20_hi_plant01A, -83.6485, 0.0, -141.365, 0.0, 0.843391, 0.0, 0.5373, -0.01, 0.01, 0.01
Object, OZ_20_hi_plant01A, -83.6831, 0.0, -134.088, 0.0, 0.0, 0.0, 1.0, -0.01, 0.01, 0.01
Object, OZ_20_ks_board02A, -77.3876, 0.0, -123.95100000000001, 0.026177, 0.0, 0.0, 0.999657, -0.01, 0.01, 0.01
Object, OZ_20_ks_board02A, -77.3876, 0.0, -123.507, 0.0, 0.999657, -0.026177, 0.0, -0.01, 0.01, 0.01
Object, OZ_20_ks_board02A, -76.46310000000001, 0.0, -97.8913, 0.0, 0.999657, -0.026177, 0.0, -0.01, 0.01, 0.01
Object, OZ_20_ks_board02A, -76.46310000000001, 0.0, -98.3353, 0.026177, 0.0, 0.0, 0.999657, -0.01, 0.01, 0.01
Object, OZ_20_ks_board02A, -100.408, 0.0, -115.624, 0.026177, 0.0, 0.0, 0.999657, -0.01, 0.01, 0.01
Object, OZ_20_ks_board02A, -100.408, 0.0, -115.18, 0.0, 0.999657, -0.026177, 0.0, -0.01, 0.01, 0.01
Object, OZ_20_ks_board02A, -120.648, 0.0, -152.16, 0.01851, -0.706865, 0.01851, 0.706864, -0.01, 0.01, 0.01
Object, OZ_20_ks_board02A, -121.09200000000001, 0.0, -152.16, 0.01851, 0.706864, -0.01851, 0.706865, -0.01, 0.01, 0.01
Object, OZ_20_ks_board02A, -145.284, 0.0, -152.138, 0.01851, -0.706865, 0.01851, 0.706864, -0.01, 0.01, 0.01
Object, OZ_20_ks_board02A, -145.728, 0.0, -152.138, 0.01851, 0.706864, -0.01851, 0.706865, -0.01, 0.01, 0.01
Object, OZ_20_ks_chair01A, -78.7446, 6.0, 123.09700000000001, 0.0, -0.707107, 0.0, 0.707107, -0.01, 0.01, 0.01
Object, OZ_20_ks_chair01A, -78.7446, 6.0, 126.24000000000001, 0.0, -0.707107, 0.0, 0.707107, -0.01, 0.01, 0.01
Object, OZ_20_ks_chair01A, -78.7446, 6.0, 119.614, 0.0, -0.707107, 0.0, 0.707107, -0.01, 0.01, 0.01
Object, OZ_20_ks_chair01A, -78.7446, 6.0, 115.035, 0.0, -0.707107, 0.0, 0.707107, -0.01, 0.01, 0.01
Object, OZ_20_ks_chair01A, -78.7446, 6.0, 111.893, 0.0, -0.707107, 0.0, 0.707107, -0.01, 0.01, 0.01
Object, OZ_20_ks_chair01A, -78.7446, 6.0, 108.40899999999999, 0.0, -0.707107, 0.0, 0.707107, -0.01, 0.01, 0.01
Object, OZ_20_ks_chair01A, -78.7446, 6.0, 103.656, 0.0, -0.707107, 0.0, 0.707107, -0.01, 0.01, 0.01
Object, OZ_20_ks_chair01A, -78.7446, 6.0, 100.514, 0.0, -0.707107, 0.0, 0.707107, -0.01, 0.01, 0.01
Object, OZ_20_ks_chair01A, -78.7446, 6.0, 97.03049999999999, 0.0, -0.707107, 0.0, 0.707107, -0.01, 0.01, 0.01
Object, OZ_20_ks_chair01A, -78.7446, 6.0, 92.0724, 0.0, -0.707107, 0.0, 0.707107, -0.01, 0.01, 0.01
Object, OZ_20_ks_chair01A, -78.7446, 6.0, 88.9297, 0.0, -0.707107, 0.0, 0.707107, -0.01, 0.01, 0.01
Object, OZ_20_ks_chair01A, -78.7446, 6.0, 85.4466, 0.0, -0.707107, 0.0, 0.707107, -0.01, 0.01, 0.01
Object, OZ_20_ks_chair02A, -75.9196, 6.0, 67.2718, 0.0, 0.0, 0.0, 1.0, -0.01, 0.01, 0.01
Object, OZ_20_ks_chair02A, -75.9196, 6.0, 64.0468, 0.0, 0.0, 0.0, 1.0, -0.01, 0.01, 0.01
Object, OZ_20_ks_chair02A, -75.9196, 6.0, 70.4465, 0.0, 0.0, 0.0, 1.0, -0.01, 0.01, 0.01
Object, OZ_20_ks_chair02A, -75.9196, 6.0, 74.1637, 0.0, 0.0, 0.0, 1.0, -0.01, 0.01, 0.01
Object, OZ_20_ks_chair02A, -75.9196, 6.0, 77.20609999999999, 0.0, 0.0, 0.0, 1.0, -0.01, 0.01, 0.01
Object, OZ_20_ks_chair02A, -75.9196, 6.0, 43.9027, 0.0, 0.0, 0.0, 1.0, -0.01, 0.01, 0.01
Object, OZ_20_ks_chair02A, -75.9196, 6.0, 48.033500000000004, 0.0, 0.0, 0.0, 1.0, -0.01, 0.01, 0.01
Object, OZ_20_ks_chair02A, -75.9196, 6.0, 51.7953, 0.0, 0.0, 0.0, 1.0, -0.01, 0.01, 0.01
Object, OZ_20_ks_chair02A, -75.9196, 6.0, 56.3337, 0.0, 0.0, 0.0, 1.0, -0.01, 0.01, 0.01
Object, OZ_20_ks_chair02A, -75.9196, 6.0, 38.1531, 0.0, 0.0, 0.0, 1.0, -0.01, 0.01, 0.01
Object, OZ_20_ks_chair02A, -75.9196, 6.0, 33.3207, 0.0, 0.0, 0.0, 1.0, -0.01, 0.01, 0.01
Object, OZ_20_ks_chair02A, -75.9196, 6.0, 28.921300000000002, 0.0, 0.0, 0.0, 1.0, -0.01, 0.01, 0.01
Object, OZ_20_ks_chair02A, -75.9196, 6.0, 60.067299999999996, 0.0, 0.0, 0.0, 1.0, -0.01, 0.01, 0.01
Object, OZ_20_ks_flag01A, -85.0254, 12.374200000000002, 45.9386, 0.0, 0.0, 0.0, 1.0, -0.01, 0.01, 0.01
Object, OZ_20_ks_flag01A, -85.0254, 12.374200000000002, 44.867700000000006, 0.0, 0.0, 0.0, 1.0, -0.01, 0.01, 0.01
Object, OZ_20_ks_flag01A, -85.0254, 12.374200000000002, 40.8816, 0.0, 0.0, 0.0, 1.0, -0.01, 0.01, 0.01
Object, OZ_20_ks_flag01A, -85.0254, 12.374200000000002, 41.9524, 0.0, 0.0, 0.0, 1.0, -0.01, 0.01, 0.01
Object, OZ_20_ks_flag01A, -85.0254, 12.374200000000002, 16.857300000000002, 0.0, 0.0, 0.0, 1.0, -0.01, 0.01, 0.01
Object, OZ_20_ks_flag01A, -85.0254, 12.374200000000002, 17.9282, 0.0, 0.0, 0.0, 1.0, -0.01, 0.01, 0.01
Object, OZ_20_ks_flag01A, -85.0254, 12.374200000000002, 20.843400000000003, 0.0, 0.0, 0.0, 1.0, -0.01, 0.01, 0.01
Object, OZ_20_ks_flag01A, -85.0254, 12.374200000000002, 21.914299999999997, 0.0, 0.0, 0.0, 1.0, -0.01, 0.01, 0.01
Object, OZ_20_ks_flag01A, -85.0254, 12.374200000000002, 64.8747, 0.0, 0.0, 0.0, 1.0, -0.01, 0.01, 0.01
Object, OZ_20_ks_flag01A, -85.0254, 12.374200000000002, 65.94550000000001, 0.0, 0.0, 0.0, 1.0, -0.01, 0.01, 0.01
Object, OZ_20_ks_flag01A, -85.0254, 12.374200000000002, 68.8609, 0.0, 0.0, 0.0, 1.0, -0.01, 0.01, 0.01
Object, OZ_20_ks_flag01A, -85.0254, 12.374200000000002, 69.9317, 0.0, 0.0, 0.0, 1.0, -0.01, 0.01, 0.01
Object, OZ_20_ks_flag01A, -85.0254, 12.374200000000002, 88.8657, 0.0, 0.0, 0.0, 1.0, -0.01, 0.01, 0.01
Object, OZ_20_ks_flag01A, -85.0254, 12.374200000000002, 89.9366, 0.0, 0.0, 0.0, 1.0, -0.01, 0.01, 0.01
Object, OZ_20_ks_flag01A, -85.0254, 12.374200000000002, 92.85180000000001, 0.0, 0.0, 0.0, 1.0, -0.01, 0.01, 0.01
Object, OZ_20_ks_flag01A, -85.0254, 12.374200000000002, 93.9227, 0.0, 0.0, 0.0, 1.0, -0.01, 0.01, 0.01
Object, OZ_20_ks_flag01A, -85.0254, 12.374200000000002, 112.881, 0.0, 0.0, 0.0, 1.0, -0.01, 0.01, 0.01
Object, OZ_20_ks_flag01A, -85.0254, 12.374200000000002, 113.95200000000001, 0.0, 0.0, 0.0, 1.0, -0.01, 0.01, 0.01
Object, OZ_20_ks_flag01A, -85.0254, 12.374200000000002, 116.867, 0.0, 0.0, 0.0, 1.0, -0.01, 0.01, 0.01
Object, OZ_20_ks_flag01A, -85.0254, 12.374200000000002, 117.93799999999999, 0.0, 0.0, 0.0, 1.0, -0.01, 0.01, 0.01
Object, OZ_20_ks_flag01A, -85.0254, 12.374200000000002, 136.866, 0.0, 0.0, 0.0, 1.0, -0.01, 0.01, 0.01
Object, OZ_20_ks_flag01A, -85.0254, 12.374200000000002, 137.937, 0.0, 0.0, 0.0, 1.0, -0.01, 0.01, 0.01
Object, OZ_20_ks_flag01A, -85.0254, 12.374200000000002, 140.852, 0.0, 0.0, 0.0, 1.0, -0.01, 0.01, 0.01
Object, OZ_20_ks_flag01A, -85.0254, 12.374200000000002, 141.923, 0.0, 0.0, 0.0, 1.0, -0.01, 0.01, 0.01
Object, OZ_20_ks_obj02A, -78.686, 6.0, 128.985, 0.0, 1.0, 0.0, 0.0, -0.01, 0.01, 0.01
Object, OZ_20_ks_obj02A, -78.686, 6.0, 82.7581, 0.0, 0.0, 0.0, 1.0, -0.01, 0.01, 0.01
Object, OZ_20_ks_obj02B, -78.686, 6.0, 117.40200000000002, 0.0, 0.0, 0.0, 1.0, -0.01, 0.01, 0.01
Object, OZ_20_ks_obj02B, -78.686, 6.0, 105.719, 0.0, 1.0, 0.0, 0.0, -0.01, 0.01, 0.01
Object, OZ_20_ks_obj02B, -78.686, 6.0, 94.4445, 0.0, 0.0, 0.0, 1.0, -0.01, 0.01, 0.01
Object, OZ_20_ks_UDXboard01A, -114.223, 6.0, -8.43891, 0.0, 0.0, 0.0, 1.0, -0.01, 0.01, 0.01
Object, OZ_20_ks_UDXboard01A, -84.8663, 6.00001, -7.57488, 0.0, -0.707107, 0.0, 0.707107, -0.01, 0.01, 0.01
Object, OZ_20_ks_UDXboard02A, -119.147, 6.0, 20.3368, 0.0, 0.707107, 0.0, 0.707107, -0.01, 0.01, 0.01
Object, OZ_20_ks_UDXboard03A, -118.61200000000001, 6.64187, 15.833599999999999, 0.0, 0.0, 0.0, 1.0, -0.01, 0.01, 0.01
Object, OZ_20_ks_UDXboard04A, -130.11700000000002, 6.0, -2.15328, 0.0, -0.707107, 0.0, 0.707107, -0.01, 0.01, 0.01
Object, OZ_20_ks_UDXboard04B, -130.138, 6.0, 2.75199, 0.0, -0.707107, 0.0, 0.707107, -0.01, 0.01, 0.01
Object, OZ_20_ma_obj01A, -85.6692, 8.77584, -246.571, 0.0, -0.0436193, 0.0, 0.999048, -0.01, 0.01, 0.01
Object, OZ_20_mi_board01A, -92.20270000000001, 4.74625, -173.928, 0.0, -0.707107, 0.0, 0.707107, -0.01, 0.01, 0.01
Object, OZ_20_mi_board01B, -62.078500000000005, 4.15069, -169.18099999999998, 0.0, 0.0174523, 0.0, 0.999848, -0.0085, 0.01, 0.0085
Object, OZ_20_mi_board01C, -91.8749, 4.69558, -167.43900000000002, 0.0, -0.707107, 0.0, 0.707107, -0.01, 0.01, 0.01
Object, OZ_20_mi_board01D, -83.36040000000001, 4.586, -167.479, 0.0, -0.707107, 0.0, 0.707107, -0.01, 0.01, 0.01
Object, OZ_20_mi_chair01A, -89.6001, 6.0, 2.4, 0.0, 0.707107, 0.0, 0.707107, -0.01, 0.01, 0.01
Object, OZ_20_mi_chair01A, -89.3501, 6.0, 6.4, 0.0, 0.707107, 0.0, 0.707107, -0.01, 0.01, 0.01
Object, OZ_20_mi_chair01A, -89.1001, 6.0, 10.405, 0.0, 0.707107, 0.0, 0.707107, -0.01, 0.01, 0.01
Object, OZ_20_mi_clock01A, -119.894, 0.0, -196.31799999999998, 0.0, 0.707107, 0.0, 0.707107, -0.01, 0.01, 0.01
Object, OZ_20_mi_flag01A, -60.824799999999996, 0.0, -91.4438, 0.0, 0.96363, 0.0, 0.267241, -0.01, 0.01, 0.01
Object, OZ_20_mi_flag01A, -60.882, 0.0, -105.10000000000001, 0.0, 0.96363, 0.0, 0.267241, -0.01, 0.01, 0.01
Object, OZ_20_mi_flag01A, -61.318599999999996, 0.0, -117.45700000000001, 0.0, 0.96363, 0.0, 0.267241, -0.01, 0.01, 0.01
Object, OZ_20_mi_light01A, -84.3446, 0.0, -204.01, 0.0, -0.0436193, 0.0, 0.999048, -0.01, 0.01, 0.01
Object, OZ_20_mi_light01A, -83.1417, 0.0, -219.761, 0.0, -0.0436193, 0.0, 0.999048, -0.01, 0.01, 0.01
Object, OZ_20_mi_light01A, -80.9604, 0.0, -243.18900000000002, 0.0, -0.0436193, 0.0, 0.999048, -0.01, 0.01, 0.01
Object, OZ_20_mi_light01A, -90.68360000000001, 0.0, -243.928, 0.0, -0.0436193, 0.0, 0.999048, -0.01, 0.01, 0.01
Object, OZ_20_mi_light01B, -91.70870000000001, 0.0, -195.997, 0.0, -0.737277, 0.0, 0.67559, -0.01, 0.01, 0.01
Object, OZ_20_mi_light01B, -124.898, 0.0, -197.923, 0.0, -0.737277, 0.0, 0.67559, -0.01, 0.01, 0.01
Object, OZ_20_mi_light01B, -107.869, 0.0, -196.947, 0.0, -0.737277, 0.0, 0.67559, -0.01, 0.01, 0.01
Object, OZ_20_mi_light01C, -124.051, 0.0, -207.872, 0.0, 0.67559, 0.0, 0.737277, -0.01, 0.01, 0.01
Object, OZ_20_mi_light01C, -93.6025, 0.0, -211.97400000000002, 0.0, -0.0436193, 0.0, 0.999048, -0.01, 0.01, 0.01
Object, OZ_20_mi_light01C, -107.34100000000001, 0.0, -206.829, 0.0, 0.67559, 0.0, 0.737277, -0.01, 0.01, 0.01
Object, OZ_20_mi_lot01A, -79.514, 0.0, -147.711, 0.0, 0.766044, 0.0, 0.642788, -0.01, 0.01, 0.01
Object, OZ_20_mi_megane01A, -102.184, 0.0, -214.676, 0.0, -0.0348996, 0.0, 0.999391, -0.01, 0.01, 0.01
Object, OZ_20_mi_pole01A, -121.914, 0.0, -198.22, 0.0, -0.0436193, 0.0, 0.999048, -0.01, 0.01, 0.01
Object, OZ_20_mi_pole01A, -133.951, 0.0, -198.868, 0.0, -0.0436193, 0.0, 0.999048, -0.01, 0.01, 0.01
Object, OZ_20_mi_pole01A, -97.88520000000001, 0.0, -196.56799999999998, 0.0, -0.0436193, 0.0, 0.999048, -0.01, 0.01, 0.01
Object, OZ_20_mi_pole01A, -116.005, 0.0, -197.77700000000002, 0.0, -0.0436193, 0.0, 0.999048, -0.01, 0.01, 0.01
Object, OZ_20_mi_pole01A, -109.92200000000001, 0.0, -197.47400000000002, 0.0, -0.0436193, 0.0, 0.999048, -0.01, 0.01, 0.01
Object, OZ_20_mi_pole01A, -103.883, 0.0, -196.95700000000002, 0.0, -0.0436193, 0.0, 0.999048, -0.01, 0.01, 0.01
Object, OZ_20_mi_pole01A, -98.1667, 0.0, -206.148, 0.0, -0.0436193, 0.0, 0.999048, -0.01, 0.01, 0.01
Object, OZ_20_mi_pole01A, -116.286, 0.0, -207.228, 0.0, -0.0436193, 0.0, 0.999048, -0.01, 0.01, 0.01
Object, OZ_20_mi_pole01A, -110.204, 0.0, -206.926, 0.0, -0.0436193, 0.0, 0.999048, -0.01, 0.01, 0.01
Object, OZ_20_mi_pole01A, -104.164, 0.0, -206.538, 0.0, -0.0436193, 0.0, 0.999048, -0.01, 0.01, 0.01
Object, OZ_20_mi_pole01A, -121.745, 0.0, -207.669, 0.0, -0.0436193, 0.0, 0.999048, -0.01, 0.01, 0.01
Object, OZ_20_mi_pole01A, -83.64139999999999, 0.0, -213.924, 0.0, 0.67559, 0.0, 0.737277, -0.01, 0.01, 0.01
Object, OZ_20_mi_pole01A, -84.0851, 0.0, -208.01500000000001, 0.0, 0.67559, 0.0, 0.737277, -0.01, 0.01, 0.01
Object, OZ_20_mi_pole01A, -82.0385, 0.0, -232.044, 0.0, 0.67559, 0.0, 0.737277, -0.01, 0.01, 0.01
Object, OZ_20_mi_pole01A, -82.6315, 0.0, -226.046, 0.0, 0.67559, 0.0, 0.737277, -0.01, 0.01, 0.01
Object, OZ_20_mi_pole01A, -81.36540000000001, 0.0, -238.06900000000002, 0.0, 0.67559, 0.0, 0.737277, -0.01, 0.01, 0.01
Object, OZ_20_mi_pole01A, -91.0467, 0.0, -238.06900000000002, 0.0, 0.67559, 0.0, 0.737277, -0.01, 0.01, 0.01
Object, OZ_20_mi_pole01A, -91.71969999999999, 0.0, -232.044, 0.0, 0.67559, 0.0, 0.737277, -0.01, 0.01, 0.01
Object, OZ_20_mi_pole01A, -92.3127, 0.0, -226.046, 0.0, 0.67559, 0.0, 0.737277, -0.01, 0.01, 0.01
Object, OZ_20_mi_pole01A, -93.32270000000001, 0.0, -213.924, 0.0, 0.67559, 0.0, 0.737277, -0.01, 0.01, 0.01
Object, OZ_20_mi_pole01A, -93.76629999999999, 0.0, -208.01500000000001, 0.0, 0.67559, 0.0, 0.737277, -0.01, 0.01, 0.01
Object, OZ_20_mi_pole01A, -92.72290000000001, 0.0, -219.94, 0.0, 0.67559, 0.0, 0.737277, -0.01, 0.01, 0.01
Object, OZ_20_mi_pole02A, -104.79, 0.0, -31.158800000000003, 0.0, 0.0, 0.0, 1.0, -0.01, 0.01, 0.01
Object, OZ_20_mi_pole02A, -106.80700000000002, 0.0, -31.158800000000003, 0.0, 0.0, 0.0, 1.0, -0.01, 0.01, 0.01
Object, OZ_20_mi_pole02A, -136.988, 0.0, -31.158800000000003, 0.0, 0.0, 0.0, 1.0, -0.01, 0.01, 0.01
Object, OZ_20_mi_pole02A, -135.02, 0.0, -31.158800000000003, 0.0, 0.0, 0.0, 1.0, -0.01, 0.01, 0.01
Object, OZ_20_mi_pole02A, -138.974, 0.0, -31.158800000000003, 0.0, 0.0, 0.0, 1.0, -0.01, 0.01, 0.01
Object, OZ_20_mi_pole02A, -87.04209999999999, 0.0, -31.158800000000003, 0.0, 0.0, 0.0, 1.0, -0.01, 0.01, 0.01
Object, OZ_20_mi_pole02A, -85.0255, 0.0, -31.158800000000003, 0.0, 0.0, 0.0, 1.0, -0.01, 0.01, 0.01
Object, OZ_20_mi_pole02A, -60.6454, 0.0, -50.6471, 0.0, -0.669131, 0.0, 0.743145, -0.01, 0.01, 0.01
Object, OZ_20_mi_pole02A, -60.8787, 0.0, -52.9388, 0.0, -0.669131, 0.0, 0.743145, -0.01, 0.01, 0.01
Object, OZ_20_mi_pole02A, -61.3545, 0.0, -57.475699999999996, 0.0, -0.669131, 0.0, 0.743145, -0.01, 0.01, 0.01
Object, OZ_20_mi_pole02A, -61.1212, 0.0, -55.184, 0.0, -0.669131, 0.0, 0.743145, -0.01, 0.01, 0.01
Object, OZ_20_mi_pole02A, -61.72520000000001, 0.0, -61.9854, 0.0, -0.694658, 0.0, 0.71934, -0.01, 0.01, 0.01
Object, OZ_20_mi_pole02A, -61.5608, 0.0, -59.6937, 0.0, -0.669131, 0.0, 0.743145, -0.01, 0.01, 0.01
Object, OZ_20_mi_pole02A, -61.80270000000001, 0.0, -64.30420000000001, 0.0, -0.71934, 0.0, 0.694658, -0.01, 0.01, 0.01
Object, OZ_20_mi_pole02A, -61.762100000000004, 0.0, -69.0182, 0.0, -0.681998, 0.0, 0.731354, -0.00999999, 0.01, 0.00999999
Object, OZ_20_mi_pole02A, -61.7447, 0.0, -66.6994, 0.0, -0.725374, 0.0, 0.688355, -0.01, 0.01, 0.01
Object, OZ_20_mi_pole02A, -61.9649, 0.0, -71.5423, 0.0, -0.681998, 0.0, 0.731354, -0.00999999, 0.01, 0.00999999
Object, OZ_20_mi_pole02A, -62.1378, 0.0, -74.2171, 0.0, -0.681998, 0.0, 0.731354, -0.00999999, 0.01, 0.00999999
Object, OZ_20_mi_pole02A, -62.3406, 0.0, -76.7411, 0.0, -0.681998, 0.0, 0.731354, -0.00999999, 0.01, 0.00999999
Object, OZ_20_mi_pole02A, -62.501400000000004, 0.0, -79.2196, 0.0, -0.681998, 0.0, 0.731354, -0.00999999, 0.01, 0.00999999
Object, OZ_20_mi_pole02A, -62.7042, 0.0, -81.7437, 0.0, -0.681998, 0.0, 0.731354, -0.00999999, 0.01, 0.00999999
Object, OZ_20_mi_pole02A, -63.0432, 0.0, -84.105, 0.0, -0.636078, 0.0, 0.771625, -0.01, 0.01, 0.01
Object, OZ_20_mi_pole02A, -75.1841, 0.0, -50.934200000000004, 0.0, -0.669131, 0.0, 0.743145, -0.01, 0.01, 0.01
Object, OZ_20_mi_pole02A, -75.80680000000001, 0.0, -52.953100000000006, 0.0, -0.515038, 0.0, 0.857167, -0.01, 0.01, 0.01
Object, OZ_20_mi_pole02A, -76.9124, 0.0, -54.6437, 0.0, -0.422618, 0.0, 0.906308, -0.01, 0.01, 0.01
Object, OZ_20_mi_pole02A, -78.48140000000001, 0.0, -55.9783, 0.0, -0.241922, 0.0, 0.970296, -0.01, 0.01, 0.01
Object, OZ_20_mi_pole02A, -82.4526, 0.0, -57.6962, 0.0, -0.190809, 0.0, 0.981627, -0.01, 0.01, 0.01
Object, OZ_20_mi_pole02A, -84.5348, 0.0, -58.5809, 0.0, -0.199368, 0.0, 0.979925, -0.01, 0.01, 0.01
Object, OZ_20_mi_pole02A, -80.36720000000001, 0.0, -56.8629, 0.0, -0.190809, 0.0, 0.981627, -0.01, 0.01, 0.01
Object, OZ_20_mi_pole02A, -86.60510000000001, 0.0, -59.436400000000006, 0.0, -0.199368, 0.0, 0.979925, -0.01, 0.01, 0.01
Object, OZ_20_mi_pole02A, -88.5185, 0.0, -60.500699999999995, 0.0, -0.309017, 0.0, 0.951057, -0.01, 0.01, 0.01
Object, OZ_20_mi_pole02A, -90.1016, 0.0, -61.9926, 0.0, -0.446198, 0.0, 0.894934, -0.01, 0.01, 0.01
Object, OZ_20_mi_pole02A, -91.1064, 0.0, -63.7694, 0.0, -0.566406, 0.0, 0.824126, -0.01, 0.01, 0.01
Object, OZ_20_mi_pole02A, -91.5592, 0.0, -65.8972, 0.0, -0.669131, 0.0, 0.743145, -0.00999999, 0.01, 0.00999999
Object, OZ_20_mi_pole02A, -91.66969999999999, 0.0, -68.0349, 0.0, -0.700909, 0.0, 0.713251, -0.01, 0.01, 0.01
Object, OZ_20_mi_pole02A, -57.77140000000001, 0.0, -17.5014, 0.0, -0.67559, 0.0, 0.737277, -0.01, 0.01, 0.01
Object, OZ_20_mi_pole02A, -57.965500000000006, 0.0, -19.5475, 0.0, -0.67559, 0.0, 0.737277, -0.01, 0.01, 0.01
Object, OZ_20_mi_pole02A, -58.1499, 0.0, -21.5528, 0.0, -0.67559, 0.0, 0.737277, -0.01, 0.01, 0.01
Object, OZ_20_mi_pole02A, -113.199, 0.0, -31.158800000000003, 0.0, 0.0, 0.0, 1.0, -0.01, 0.01, 0.01
Object, OZ_20_mi_pole02A, -115.405, 0.0, -31.158800000000003, 0.0, 0.0, 0.0, 1.0, -0.01, 0.01, 0.01
Object, OZ_20_mi_pole02A, -117.50200000000001, 0.0, -31.158800000000003, 0.0, 0.0, 0.0, 1.0, -0.01, 0.01, 0.01
Object, OZ_20_mi_pole02A, -119.68200000000002, 0.0, -31.158800000000003, 0.0, 0.0, 0.0, 1.0, -0.01, 0.01, 0.01
Object, OZ_20_mi_pole02A, -126.061, 0.0, -31.158800000000003, 0.0, 0.0, 0.0, 1.0, -0.01, 0.01, 0.01
Object, OZ_20_mi_pole02A, -128.274, 0.0, -31.158800000000003, 0.0, 0.0, 0.0, 1.0, -0.01, 0.01, 0.01
Object, OZ_20_mi_pole02A, -123.908, 0.0, -31.158800000000003, 0.0, 0.0, 0.0, 1.0, -0.01, 0.01, 0.01
Object, OZ_20_mi_pole02A, -121.82000000000001, 0.0, -31.158800000000003, 0.0, 0.0, 0.0, 1.0, -0.01, 0.01, 0.01
Object, OZ_20_mi_pole02A, -130.506, 0.0, -31.158800000000003, 0.0, 0.0, 0.0, 1.0, -0.01, 0.01, 0.01
Object, OZ_20_mi_pole02A, -63.7046, 0.0, -86.3073, 0.0, -0.573576, 0.0, 0.819152, -0.01, 0.01, 0.01
Object, OZ_20_mi_pole02A, -64.8798, 0.0, -88.1902, 0.0, -0.390731, 0.0, 0.920505, -0.01, 0.01, 0.01
Object, OZ_20_mi_pole02A, -83.02610000000001, 0.0, -91.7908, 0.0, 0.0, 0.0, 1.0, -0.01, 0.01, 0.01
Object, OZ_20_mi_pole02A, -85.28309999999999, 0.0, -91.6359, 0.0, 0.0610487, 0.0, 0.998135, -0.01, 0.01, 0.01
Object, OZ_20_mi_pole02A, -87.4606, 0.0, -90.9576, 0.0, 0.241922, 0.0, 0.970296, -0.01, 0.01, 0.01
Object, OZ_20_mi_pole02A, -89.1075, 0.0, -89.5682, 0.0, 0.45399, 0.0, 0.891007, -0.01, 0.01, 0.01
Object, OZ_20_mi_pole02A, -90.0397, 0.0, -87.5642, 0.0, 0.608761, 0.0, 0.793353, -0.01, 0.01, 0.01
Object, OZ_20_mi_pole02A, -90.5219, 0.0, -85.44069999999999, 0.0, 0.642788, 0.0, 0.766044, -0.01, 0.01, 0.01
Object, OZ_20_mi_pole02A, -90.85440000000001, 0.0, -83.2275, 0.0, 0.66262, 0.0, 0.748956, -0.01, 0.01, 0.01
Object, OZ_20_mi_pole02A, -91.13040000000001, 0.0, -81.0165, 0.0, 0.66262, 0.0, 0.748956, -0.01, 0.01, 0.01
Object, OZ_20_mi_pole02A, -91.30680000000001, 0.0, -78.8271, 0.0, 0.681998, 0.0, 0.731354, -0.01, 0.01, 0.01
Object, OZ_20_mi_pole02A, -91.4293, 0.0, -76.669, 0.0, 0.688355, 0.0, 0.725374, -0.00999999, 0.01, 0.00999999
Object, OZ_20_mi_pole02A, -56.972, 0.0, -10.1323, 0.0, -0.67559, 0.0, 0.737277, -0.01, 0.01, 0.01
Object, OZ_20_mi_pole02A, -57.2004, 0.0, -12.6136, 0.0, -0.67559, 0.0, 0.737277, -0.01, 0.01, 0.01
Object, OZ_20_mi_pole02A, -56.733000000000004, 0.0, -7.60699, 0.0, -0.67559, 0.0, 0.737277, -0.01, 0.01, 0.01
Object, OZ_20_mi_pole02A, -56.031000000000006, 0.0, -0.131211, 0.0, -0.688355, 0.0, 0.725374, -0.00999999, 0.01, 0.00999999
Object, OZ_20_mi_pole02A, -56.27, 0.0, -2.6565600000000003, 0.0, -0.67559, 0.0, 0.737277, -0.01, 0.01, 0.01
Object, OZ_20_mi_pole02A, -56.498400000000004, 0.0, -5.13789, 0.0, -0.67559, 0.0, 0.737277, -0.01, 0.01, 0.01
Object, OZ_20_mi_pole02A, -55.91930000000001, 0.0, 2.24625, 0.0, -0.694658, 0.0, 0.71934, -0.01, 0.01, 0.01
Object, OZ_20_mi_pole02A, -55.8058, 0.0, 4.6532, 0.0, -0.694658, 0.0, 0.71934, -0.01, 0.01, 0.01
Object, OZ_20_mi_pole02A, -55.7188, 0.0, 7.04723, 0.0, -0.694658, 0.0, 0.71934, -0.01, 0.01, 0.01
Object, OZ_20_mi_pole02A, -55.6114, 0.0, 9.497580000000001, 0.0, -0.694658, 0.0, 0.71934, -0.01, 0.01, 0.01
Object, OZ_20_mi_pole02A, -55.5199, 0.0, 12.0022, 0.0, -0.694658, 0.0, 0.71934, -0.01, 0.01, 0.01
Object, OZ_20_mi_pole02A, -55.4346, 0.0, 14.373800000000001, 0.0, -0.694658, 0.0, 0.71934, -0.01, 0.01, 0.01
Object, OZ_20_mi_pole02A, -55.3533, 0.0, 16.7676, 0.0, -0.694658, 0.0, 0.71934, -0.01, 0.01, 0.01
Object, OZ_20_mi_pole02A, -55.2425, 0.0, 19.279400000000003, 0.0, -0.694658, 0.0, 0.71934, -0.01, 0.01, 0.01
Object, OZ_20_mi_pole02A, -87.014, 0.0, -43.1042, 0.0, 1.0, 0.0, 2.18948e-06, -0.01, 0.01, 0.01
Object, OZ_20_mi_pole02A, -93.2442, 0.0, -43.2228, 0.0, 0.999962, 0.0, 0.00872868, -0.01, 0.01, 0.01
Object, OZ_20_mi_pole02A, -95.4719, 0.0, -43.25470000000001, 0.0, 0.999962, 0.0, 0.00872868, -0.01, 0.01, 0.01
Object, OZ_20_mi_pole02A, -99.94940000000001, 0.0, -43.3192, 0.0, 0.999962, 0.0, 0.00872868, -0.01, 0.01, 0.01
Object, OZ_20_mi_pole02A, -97.7218, 0.0, -43.2874, 0.0, 0.999962, 0.0, 0.00872868, -0.01, 0.01, 0.01
Object, OZ_20_mi_pole02A, -109.01700000000001, 0.0, -43.406400000000005, 0.0, 0.999962, 0.0, 0.00872868, -0.01, 0.01, 0.01
Object, OZ_20_mi_pole02A, -106.655, 0.0, -43.4196, 0.0, 0.999962, 0.0, 0.00872868, -0.01, 0.01, 0.01
Object, OZ_20_mi_pole02A, -104.406, 0.0, -43.3869, 0.0, 0.999962, 0.0, 0.00872868, -0.01, 0.01, 0.01
Object, OZ_20_mi_pole02A, -102.178, 0.0, -43.3551, 0.0, 0.999962, 0.0, 0.00872868, -0.01, 0.01, 0.01
Object, OZ_20_mi_pole02A, -118.423, 0.0, -43.525600000000004, 0.0, 0.999962, 0.0, 0.00872868, -0.01, 0.01, 0.01
Object, OZ_20_mi_pole02A, -115.978, 0.0, -43.508500000000005, 0.0, 0.999962, 0.0, 0.00872868, -0.01, 0.01, 0.01
Object, OZ_20_mi_pole02A, -113.469, 0.0, -43.475699999999996, 0.0, 0.999962, 0.0, 0.00872868, -0.01, 0.01, 0.01
Object, OZ_20_mi_pole02A, -111.029, 0.0, -43.4401, 0.0, 0.999962, 0.0, 0.00872868, -0.01, 0.01, 0.01
Object, OZ_20_mi_pole02A, -120.859, 0.0, -43.481899999999996, 0.0, 0.999962, 0.0, 0.00872868, -0.01, 0.01, 0.01
Object, OZ_20_mi_pole02A, -123.26700000000001, 0.0, -43.5388, 0.0, 0.999962, 0.0, 0.00872868, -0.01, 0.01, 0.01
Object, OZ_20_mi_pole02A, -125.626, 0.0, -43.5466, 0.0, 0.999962, 0.0, 0.00872868, -0.01, 0.01, 0.01
Object, OZ_20_mi_pole02A, -132.982, 0.0, -43.6607, 0.0, 0.999962, 0.0, 0.00872868, -0.01, 0.01, 0.01
Object, OZ_20_mi_pole02A, -135.55100000000002, 0.0, -43.651, 0.0, 0.999962, 0.0, 0.00872868, -0.01, 0.01, 0.01
Object, OZ_20_mi_pole02A, -138.344, 0.0, -43.7198, 0.0, 0.999962, 0.0, 0.00872868, -0.01, 0.01, 0.01
Object, OZ_20_mi_pole02A, -128.055, 0.0, -43.58, 0.0, 0.999962, 0.0, 0.00872868, -0.01, 0.01, 0.01
Object, OZ_20_mi_pole02A, -130.417, 0.0, -43.614399999999996, 0.0, 0.999962, 0.0, 0.00872868, -0.01, 0.01, 0.01
Object, OZ_20_mi_pole03A, -70.2474, 0.0, -90.794, 0.0, 0.0, 0.0, 1.0, -0.01, 0.01, 0.01
Object, OZ_20_mi_pole03A, -66.5246, 0.0, -89.52520000000001, 0.0, 0.0, 0.0, 1.0, -0.01, 0.01, 0.01
Object, OZ_20_mi_pole03A, -79.9549, 0.0, -91.959, 0.0, 0.0, 0.0, 1.0, -0.01, 0.01, 0.01
Object, OZ_20_mi_pole03A, -76.0008, 0.0, -91.5222, 0.0, 0.0, 0.0, 1.0, -0.01, 0.01, 0.01
Object, OZ_20_mi_pole03A, -77.9377, 0.0, -91.7592, 0.0, 0.0, 0.0, 1.0, -0.01, 0.01, 0.01
Object, OZ_20_mi_pole03A, -68.1785, 0.0, -90.33500000000001, 0.0, 0.0, 0.0, 1.0, -0.01, 0.01, 0.01
Object, OZ_20_mi_radio01A, -143.33, 0.0, -217.96400000000003, 0.0, -0.0348994, 0.0, 0.999391, -0.01, 0.01, 0.01
Object, OZ_20_mi_rodsin01B, -83.756, 0.0, -210.044, 0.0, -0.0436193, 0.0, 0.999048, -0.01, 0.01, 0.01
Object, OZ_20_mi_rodsin01B, -89.42620000000001, 0.0, -43.68600000000001, 0.0, 0.707107, 0.0, 0.707107, -0.01, 0.01, 0.01
Object, OZ_20_mi_rodsin01C, -106.316, 0.0, -206.86900000000003, 0.0, -0.737277, 0.0, 0.67559, -0.01, 0.01, 0.01
Object, OZ_20_mi_rodsin01C, -75.89189999999999, 0.0, -51.9869, 0.0, 0.777146, 0.0, 0.62932, -0.01, 0.01, 0.01
Object, OZ_20_mi_shelf02B, -97.1647, 0.0, -222.40099999999998, 0.0, -0.75471, 0.0, 0.656059, -0.00999999, 0.01, 0.00999999
Object, OZ_20_mi_sign01A, -93.7046, 0.0, -108.32000000000001, 0.0, 0.66262, 0.0, 0.748956, -0.01, 0.01, 0.01
Object, OZ_20_mi_sign01A, -129.28, 0.0, -198.6, 0.0, 0.999657, 0.0, 0.026177, -0.00999999, 0.01, 0.00999999
Object, OZ_20_mi_sign01A, -84.6298, -0.144678, -92.584, 0.0, 0.0784591, 0.0, 0.996917, -0.00999999, 0.01, 0.00999999
Object, OZ_20_mi_sign02A, -100.679, 0.0, -197.095, 0.0, 0.999657, 0.0, 0.026177, -0.00999999, 0.01, 0.00999999
Object, OZ_20_mi_sign02A, -71.86540000000001, 0.0, -146.964, 0.0, 0.999848, 0.0, -0.0174524, -0.01, 0.01, 0.01
Object, OZ_20_mi_sign02A, -92.40530000000001, -0.6331640000000001, -29.4934, 0.0, 0.999657, 0.0, 0.026177, -0.00999999, 0.01, 0.00999999
Object, OZ_20_mi_sign02A, -91.62559999999999, -0.6331640000000001, -80.1613, 0.0, 0.67559, 0.0, 0.737277, -0.01, 0.01, 0.01
Object, OZ_20_mi_wicket01A, -78.8259, 0.025, -166.59099999999998, 0.0, 0.0, 0.0, 1.0, -0.01, 0.01, 0.01
Object, OZ_20_mi_yamada01A, -114.381, 0.0, -215.283, 0.0, -0.0348994, 0.0, 0.999391, -0.01, 0.01, 0.01
Object, OZ_20_nk_bicycle01A, -103.936, 0.0, -8.52098, 0.0, 0.70231, 0.0, 0.711872, -0.01, 0.01, 0.01
Object, OZ_20_nk_bicycle01A, -85.3458, 0.0, -100.663, 0.0, -0.0322282, 0.0, 0.999481, -0.00999998, 0.01, 0.00999998
Object, OZ_20_nk_bicycle01A, -86.9123, 0.0, -101.40100000000001, 0.0, 0.123565, 0.0, 0.992336, -0.01, 0.01, 0.01
Object, OZ_20_nk_bicycle01A, -87.76379999999999, 0.0, -100.90299999999999, 0.0, -0.0812062, 0.0, 0.996697, -0.01, 0.01, 0.01
Object, OZ_20_nk_car01A, -174.954, 0.0, 78.5438, 0.0, 0.707107, 0.0, 0.707107, -0.01, 0.01, 0.01
Object, OZ_22_ks_hedge03A, -115.253, 0.0, -88.6161, 0.0, 0.0, 0.0, 1.0, -0.01, 0.01, 0.01
Object, OZ_22_ks_hedge03B, -129.444, 0.0, -118.32600000000001, 0.0, 0.0, 0.0, 1.0, -0.01, 0.01, 0.01
Object, OZ_22_ks_signal01A, -75.5796, 0.0, -49.9179, 0.0, 0.707107, 0.0, 0.707107, -0.01, 0.01, 0.01
Object, OZ_22_ks_signal01A, -55.8693, 0.0, -28.8198, 0.0, 0.0, 0.0, 1.0, -0.01, 0.01, 0.01
Object, OZ_22_ks_signal01A, -77.9556, 0.0, -30.870900000000002, 0.0, 0.0, 0.0, 1.0, -0.01, 0.01, 0.01
Object, OZ_22_ks_signal01A, -69.2333, 0.0, -56.1286, 0.0, 0.0, 0.0, 1.0, -0.01, 0.01, 0.01
Object, OZ_22_ks_signal01A, -60.1644, 0.0, -49.9179, 0.0, 0.707107, 0.0, 0.707107, -0.01, 0.01, 0.01
Object, OZ_22_ks_signal01A, -55.578900000000004, 0.0, -42.768100000000004, 0.0, 0.0, 0.0, 1.0, -0.01, 0.01, 0.01
Object, OZ_22_ks_signal01A, -57.8984, 0.0, -23.7287, 0.0, 0.0, 0.0, 1.0, -0.01, 0.01, 0.01
Object, OZ_22_ks_signal01A, -68.4637, 0.0, -23.7287, 0.0, 0.0, 0.0, 1.0, -0.01, 0.01, 0.01
Object, OZ_22_ks_signal01A, -77.9556, 0.0, -43.9397, 0.0, 0.0, 0.0, 1.0, -0.01, 0.01, 0.01
Object, OZ_22_ks_signal01B, -55.8693, 5.440270000000001, -28.8198, 0.0, 0.694658, 0.0, 0.71934, -0.01, 0.01, 0.01
Object, OZ_22_ks_signal01B, -77.9556, 5.5627200000000006, -30.870900000000002, 0.0, 0.0, 0.0, 1.0, -0.01, 0.01, 0.01
Object, OZ_22_ks_signal01B, -55.578900000000004, 4.73257, -42.768100000000004, 0.0, 1.0, 0.0, 2.18948e-06, -0.01, 0.01, 0.01
Object, OZ_22_ks_signal01C, -77.9556, 4.0, -30.870900000000002, 0.0, 0.0, 0.0, 1.0, -0.01, 0.01, 0.01
Object, OZ_22_ks_signal01C, -60.1644, 4.0, -49.9179, 0.0, 0.707107, 0.0, 0.707107, -0.01, 0.01, 0.01
Object, OZ_22_ks_signal01C, -68.4637, 4.0, -23.7287, 0.0, -0.707107, 0.0, 0.707107, -0.01, 0.01, 0.01
Object, OZ_22_ks_signal01D, -68.4637, 5.5627200000000006, -23.7287, 0.0, -0.707107, 0.0, 0.707107, -0.01, 0.01, 0.01
Object, OZ_22_ks_signal01D, -69.2333, 5.5627200000000006, -56.1286, 0.0, -0.406737, 0.0, 0.913545, -0.01, 0.01, 0.01
Object, OZ_22_ks_signal01E, -75.5796, 4.0, -49.9179, 0.0, -0.707107, 0.0, 0.707107, -0.01, 0.01, 0.01
Object, OZ_22_ks_signal01E, -57.8984, 4.0, -23.7287, 0.0, 0.707107, 0.0, 0.707107, -0.01, 0.01, 0.01
Object, OZ_22_ks_signal01E, -77.9556, 4.0, -43.9397, 0.0, 1.0, 0.0, 2.18948e-06, -0.01, 0.01, 0.01
Object, OZ_22_ma_Rcrossing01A, -54.4441, 0.0, -36.329, 0.0, 0.078459, 0.0, 0.996917, -0.01, 0.01, 0.01
Object, OZ_22_se_hedge02A, -74.815, 0.0, -66.0715, 0.0, 0.0, 0.0, 1.0, -0.01, 0.01, 0.01
Object, OZ_24_se_table01A, -81.2323, 0.0, -107.34200000000001, 0.0, -0.740218, 0.0, 0.672367, -0.01, 0.01, 0.01
Object, OZ_24_se_table01A, -81.4942, 0.0, -104.62200000000001, 0.0, -0.740218, 0.0, 0.672367, -0.01, 0.01, 0.01
Object, OZ_24_se_tent02A, -81.50890000000001, 0.0, -105.99700000000001, 0.0, -0.740218, 0.0, 0.672367, -0.01, 0.01, 0.01
Object, OZ_26_hi_akfence01A, -74.13390000000001, 0.0, -104.548, 0.0, 0.0, 0.0, 1.0, -0.01, 0.01, 0.01
Object, OZ_26_hi_akfence01A, -74.2696, 0.0, -117.265, 0.0, 0.0, 0.0, 1.0, -0.01, 0.01, 0.01
Object, OZ_26_hi_akfence01A, -74.4278, 0.0, -130.024, 0.0, 0.0, 0.0, 1.0, -0.01, 0.01, 0.01
Object, OZ_26_ks_fence01B, -148.511, 0.0, -147.548, 0.0, 0.0, 0.0, 1.0, -0.01, 0.01, 0.01
Object, OZ_26_ks_fence01B, -152.71, 0.0, -147.548, 0.0, 0.0, 0.0, 1.0, -0.01, 0.01, 0.01
Object, OZ_26_ks_fence01B, -161.109, 0.0, -147.548, 0.0, 0.0, 0.0, 1.0, -0.01, 0.01, 0.01
Object, OZ_26_ks_fence01B, -156.91, 0.0, -147.548, 0.0, 0.0, 0.0, 1.0, -0.01, 0.01, 0.01
Object, OZ_26_nk_belt01A, -102.59200000000001, 0.0, -153.444, 0.0, -0.224951, 0.0, 0.97437, -0.01, 0.01, 0.01
Object, OZ_26_nk_belt01A, -103.473, 0.0, -151.639, 0.0, -0.224951, 0.0, 0.97437, -0.01, 0.01, 0.01
Object, OZ_26_nk_belt01A, -105.234, 0.0, -148.031, 0.0, -0.224951, 0.0, 0.97437, -0.01, 0.01, 0.01
Object, OZ_26_nk_belt01A, -104.353, 0.0, -149.836, 0.0, -0.224951, 0.0, 0.97437, -0.01, 0.01, 0.01
Object, OZ_26_nk_belt01A, -106.99600000000001, 0.0, -144.42000000000002, 0.0, -0.224951, 0.0, 0.97437, -0.01, 0.01, 0.01
Object, OZ_26_nk_belt01A, -106.114, 0.0, -146.225, 0.0, -0.224951, 0.0, 0.97437, -0.01, 0.01, 0.01
Object, OZ_26_nk_belt01A, -107.878, 0.0, -142.61100000000002, 0.0, -0.224951, 0.0, 0.97437, -0.01, 0.01, 0.01
Object, OZ_26_nk_belt01A, -122.462, 0.0, -89.79799999999999, 0.0, 0.507538, 0.0, 0.861629, -0.01, 0.01, 0.01
Object, OZ_26_nk_belt01A, -124.21600000000001, 0.0, -90.7709, 0.0, 0.507538, 0.0, 0.861629, -0.01, 0.01, 0.01
Object, OZ_26_nk_belt01A, -125.973, 0.0, -91.74530000000001, 0.0, 0.507538, 0.0, 0.861629, -0.01, 0.01, 0.01
Object, OZ_26_nk_belt01A, -110.34100000000001, 0.0, -89.6921, 0.0, 0.760406, 0.0, 0.649448, -0.01, 0.01, 0.01
Object, OZ_26_nk_belt01A, -108.35700000000001, 0.0, -90.0057, 0.0, 0.760406, 0.0, 0.649448, -0.01, 0.01, 0.01
Object, OZ_26_nk_belt01A, -106.375, 0.0, -90.3191, 0.0, 0.760406, 0.0, 0.649448, -0.01, 0.01, 0.01
Object, OZ_26_nk_belt01A, -104.391, 0.0, -90.6327, 0.0, 0.760406, 0.0, 0.649448, -0.01, 0.01, 0.01
Object, OZ_26_nk_belt01A, -100.423, 0.0, -91.2607, 0.0, 0.760406, 0.0, 0.649448, -0.01, 0.01, 0.01
Object, OZ_26_nk_belt01A, -102.40700000000001, 0.0, -90.94709999999999, 0.0, 0.760406, 0.0, 0.649448, -0.01, 0.01, 0.01
Object, OZ_26_nk_belt01A, -98.43540000000002, 0.0, -91.5758, 0.0, 0.760406, 0.0, 0.649448, -0.01, 0.01, 0.01
Object, OZ_26_nk_belt01A, -96.43610000000001, 0.0, -91.8916, 0.0, 0.760406, 0.0, 0.649448, -0.01, 0.01, 0.01
Object, OZ_26_nk_belt01A, -94.45209999999999, 0.0, -92.20530000000001, 0.0, 0.760406, 0.0, 0.649448, -0.01, 0.01, 0.01
Object, OZ_26_nk_belt01A, -92.4708, 0.0, -92.51870000000001, 0.0, 0.760406, 0.0, 0.649448, -0.01, 0.01, 0.01
Object, OZ_26_nk_belt01A, -61.7574, 0.0, -91.2592, 0.0, 0.878817, 0.0, 0.477159, -0.01, 0.01, 0.01
Object, OZ_26_nk_belt01A, -63.440000000000005, 0.0, -90.16700000000002, 0.0, 0.878817, 0.0, 0.477159, -0.01, 0.01, 0.01
Object, OZ_26_nk_belt01A, -65.125, 0.0, -89.07350000000001, 0.0, 0.878817, 0.0, 0.477159, -0.01, 0.01, 0.01
Object, OZ_26_nk_belt01A, -129.548, 6.0, 10.186, 0.0, 0.707107, 0.0, 0.707107, -0.01, 0.01, 0.01
Object, OZ_26_nk_belt01A, -123.518, 6.0, 10.1899, 0.0, 0.707107, 0.0, 0.707107, -0.01, 0.01, 0.01
Object, OZ_26_nk_belt01A, -131.55700000000002, 6.0, 10.1853, 0.0, 0.707107, 0.0, 0.707107, -0.01, 0.01, 0.01
Object, OZ_26_nk_belt01A, -125.531, 6.0, 10.1902, 0.0, 0.707107, 0.0, 0.707107, -0.01, 0.01, 0.01
Object, OZ_26_nk_belt01A, -127.54, 6.0, 10.1895, 0.0, 0.707107, 0.0, 0.707107, -0.01, 0.01, 0.01
Object, OZ_26_nk_belt01A, -121.494, 6.0, 10.190700000000001, 0.0, 0.707107, 0.0, 0.707107, -0.01, 0.01, 0.01
Object, OZ_26_nk_belt01A, -119.486, 6.0, 10.1913, 0.0, 0.707107, 0.0, 0.707107, -0.01, 0.01, 0.01
Object, OZ_26_nk_belt01A, -117.48, 6.0, 10.191699999999999, 0.0, 0.707107, 0.0, 0.707107, -0.01, 0.01, 0.01
Object, OZ_26_nk_belt01A, -115.554, 6.0, -66.0428, 0.0, -0.325568, 0.0, 0.945519, -0.01, 0.01, 0.01
Object, OZ_26_nk_belt01A, -116.769, 6.0, -64.5381, 0.0, 2.38419e-07, 0.0, 1.0, -0.01, 0.01, 0.01
Object, OZ_26_nk_belt01A, -120.92399999999999, 6.0, -14.153900000000002, 0.0, -0.284015, 0.0, 0.95882, -0.01, 0.01, 0.01
Object, OZ_26_nk_belt01A, -85.6333, 6.0, -8.62387, 0.0, 1.0, 0.0, -2.07027e-06, -0.01, 0.01, 0.01
Object, OZ_26_nk_belt01A, -85.6328, 6.0, -10.6326, 0.0, 1.0, 0.0, -2.07027e-06, -0.01, 0.01, 0.01
Object, OZ_26_nk_belt01A, -85.6324, 6.0, -12.638499999999999, 0.0, 1.0, 0.0, -2.07027e-06, -0.01, 0.01, 0.01
Object, OZ_26_nk_belt01A, -85.66850000000001, 6.0, -4.59781, 0.0, 1.0, 0.0, -2.07027e-06, -0.01, 0.01, 0.01
Object, OZ_26_nk_belt01A, -85.56290000000001, 6.0, -0.697695, 0.0, 1.0, 0.0, -2.07027e-06, -0.01, 0.01, 0.01
Object, OZ_26_nk_belt01A, -114.478, 6.0, 10.1843, 0.0, 0.707107, 0.0, 0.707107, -0.01, 0.01, 0.01
Object, OZ_26_nk_belt01A, -60.6347, 0.0, -120.314, 0.0, 0.999848, 0.0, -0.0174543, -0.01, 0.01, 0.01
Object, OZ_26_nk_belt01A, -60.7738, 0.0, -123.64, 0.0, 0.999848, 0.0, -0.0174543, -0.01, 0.01, 0.01
Object, OZ_26_nk_belt01A, -79.5345, 0.0227832, -159.423, 0.0, 0.909961, 0.0, 0.414695, -0.01, 0.01, 0.01
Object, OZ_26_nk_belt01A, -126.617, 0.0, -104.294, 0.0, 2.38419e-07, 0.0, 1.0, -0.01, 0.01, 0.01
Object, OZ_26_nk_belt01A, -126.618, 0.0, -102.285, 0.0, 2.38419e-07, 0.0, 1.0, -0.01, 0.01, 0.01
Object, OZ_26_nk_belt01A, -126.617, 0.0, -106.3, 0.0, 2.38419e-07, 0.0, 1.0, -0.01, 0.01, 0.01
Object, OZ_26_nk_belt01A, -126.616, 0.0, -108.27799999999999, 0.0, 2.38419e-07, 0.0, 1.0, -0.01, 0.01, 0.01
Object, OZ_26_nk_belt01A, -126.617, 0.0, -100.27700000000002, 0.0, 2.38419e-07, 0.0, 1.0, -0.01, 0.01, 0.01
Object, OZ_26_nk_belt01A, -126.618, 0.0, -98.26790000000001, 0.0, 2.38419e-07, 0.0, 1.0, -0.01, 0.01, 0.01
Object, OZ_26_nk_belt01A, -126.618, 0.0, -96.2552, 0.0, 2.38419e-07, 0.0, 1.0, -0.01, 0.01, 0.01
Object, OZ_26_nk_belt01A, -126.619, 0.0, -94.23110000000001, 0.0, 2.38419e-07, 0.0, 1.0, -0.01, 0.01, 0.01
Object, OZ_26_nk_belt01A, -126.617, 0.0, -110.15100000000001, 0.0, 2.38419e-07, 0.0, 1.0, -0.01, 0.01, 0.01
Object, OZ_26_nk_belt01A, -126.617, 0.0, -111.988, 0.0, 2.38419e-07, 0.0, 1.0, -0.01, 0.01, 0.01
Object, OZ_26_nk_belt01A, -126.616, 0.0, -113.822, 0.0, 2.38419e-07, 0.0, 1.0, -0.01, 0.01, 0.01
Object, OZ_26_nk_beltpole01A, -102.59200000000001, 0.0, -153.444, 0.0, -0.224951, 0.0, 0.97437, -0.01, 0.01, 0.01
Object, OZ_26_nk_beltpole01A, -103.473, 0.0, -151.639, 0.0, -0.224951, 0.0, 0.97437, -0.01, 0.01, 0.01
Object, OZ_26_nk_beltpole01A, -105.234, 0.0, -148.031, 0.0, -0.224951, 0.0, 0.97437, -0.01, 0.01, 0.01
Object, OZ_26_nk_beltpole01A, -104.353, 0.0, -149.836, 0.0, -0.224951, 0.0, 0.97437, -0.01, 0.01, 0.01
Object, OZ_26_nk_beltpole01A, -106.99600000000001, 0.0, -144.42000000000002, 0.0, -0.224951, 0.0, 0.97437, -0.01, 0.01, 0.01
Object, OZ_26_nk_beltpole01A, -106.114, 0.0, -146.225, 0.0, -0.224951, 0.0, 0.97437, -0.01, 0.01, 0.01
Object, OZ_26_nk_beltpole01A, -108.76100000000001, 0.0, -140.80100000000002, 0.0, -0.224951, 0.0, 0.97437, -0.01, 0.01, 0.01
Object, OZ_26_nk_beltpole01A, -107.878, 0.0, -142.61100000000002, 0.0, -0.224951, 0.0, 0.97437, -0.01, 0.01, 0.01
Object, OZ_26_nk_beltpole01A, -120.705, 0.0, -88.82360000000001, 0.0, 0.507538, 0.0, 0.861629, -0.01, 0.01, 0.01
Object, OZ_26_nk_beltpole01A, -122.462, 0.0, -89.79799999999999, 0.0, 0.507538, 0.0, 0.861629, -0.01, 0.01, 0.01
Object, OZ_26_nk_beltpole01A, -124.21600000000001, 0.0, -90.7709, 0.0, 0.507538, 0.0, 0.861629, -0.01, 0.01, 0.01
Object, OZ_26_nk_beltpole01A, -125.973, 0.0, -91.74530000000001, 0.0, 0.507538, 0.0, 0.861629, -0.01, 0.01, 0.01
Object, OZ_26_nk_beltpole01A, -110.34100000000001, 0.0, -89.6921, 0.0, 0.760406, 0.0, 0.649448, -0.01, 0.01, 0.01
Object, OZ_26_nk_beltpole01A, -108.35700000000001, 0.0, -90.0057, 0.0, 0.760406, 0.0, 0.649448, -0.01, 0.01, 0.01
Object, OZ_26_nk_beltpole01A, -106.375, 0.0, -90.3191, 0.0, 0.760406, 0.0, 0.649448, -0.01, 0.01, 0.01
Object, OZ_26_nk_beltpole01A, -104.391, 0.0, -90.6327, 0.0, 0.760406, 0.0, 0.649448, -0.01, 0.01, 0.01
Object, OZ_26_nk_beltpole01A, -102.40700000000001, 0.0, -90.94709999999999, 0.0, 0.760406, 0.0, 0.649448, -0.01, 0.01, 0.01
Object, OZ_26_nk_beltpole01A, -100.423, 0.0, -91.2607, 0.0, 0.760406, 0.0, 0.649448, -0.01, 0.01, 0.01
Object, OZ_26_nk_beltpole01A, -98.43540000000002, 0.0, -91.5758, 0.0, 0.760406, 0.0, 0.649448, -0.01, 0.01, 0.01
Object, OZ_26_nk_beltpole01A, -96.4456, 0.0, -91.89049999999999, 0.0, 0.760406, 0.0, 0.649448, -0.01, 0.01, 0.01
Object, OZ_26_nk_beltpole01A, -94.45209999999999, 0.0, -92.20530000000001, 0.0, 0.760406, 0.0, 0.649448, -0.01, 0.01, 0.01
Object, OZ_26_nk_beltpole01A, -92.4708, 0.0, -92.51870000000001, 0.0, 0.760406, 0.0, 0.649448, -0.01, 0.01, 0.01
Object, OZ_26_nk_beltpole01A, -90.4867, 0.0, -92.8323, 0.0, 0.760406, 0.0, 0.649448, -0.01, 0.01, 0.01
Object, OZ_26_nk_beltpole01A, -60.0725, 0.0, -92.35270000000001, 0.0, 0.878817, 0.0, 0.477159, -0.01, 0.01, 0.01
Object, OZ_26_nk_beltpole01A, -61.7574, 0.0, -91.2592, 0.0, 0.878817, 0.0, 0.477159, -0.01, 0.01, 0.01
Object, OZ_26_nk_beltpole01A, -63.440000000000005, 0.0, -90.16700000000002, 0.0, 0.878817, 0.0, 0.477159, -0.01, 0.01, 0.01
Object, OZ_26_nk_beltpole01A, -65.1331, 0.0, -89.0685, 0.0, 0.878817, 0.0, 0.477159, -0.01, 0.01, 0.01
Object, OZ_26_nk_beltpole01A, -123.518, 6.0, 10.1899, 0.0, 0.707107, 0.0, 0.707107, -0.01, 0.01, 0.01
Object, OZ_26_nk_beltpole01A, -131.55700000000002, 6.0, 10.1853, 0.0, 0.707107, 0.0, 0.707107, -0.01, 0.01, 0.01
Object, OZ_26_nk_beltpole01A, -129.548, 6.0, 10.1897, 0.0, 0.707107, 0.0, 0.707107, -0.01, 0.01, 0.01
Object, OZ_26_nk_beltpole01A, -127.54, 6.0, 10.1895, 0.0, 0.707107, 0.0, 0.707107, -0.01, 0.01, 0.01
Object, OZ_26_nk_beltpole01A, -125.531, 6.0, 10.1902, 0.0, 0.707107, 0.0, 0.707107, -0.01, 0.01, 0.01
Object, OZ_26_nk_beltpole01A, -121.504, 6.0, 10.1904, 0.0, 0.707107, 0.0, 0.707107, -0.01, 0.01, 0.01
Object, OZ_26_nk_beltpole01A, -119.486, 6.0, 10.1913, 0.0, 0.707107, 0.0, 0.707107, -0.01, 0.01, 0.01
Object, OZ_26_nk_beltpole01A, -115.471, 6.0, 10.192300000000001, 0.0, 0.707107, 0.0, 0.707107, -0.01, 0.01, 0.01
Object, OZ_26_nk_beltpole01A, -117.48, 6.0, 10.191699999999999, 0.0, 0.707107, 0.0, 0.707107, -0.01, 0.01, 0.01
Object, OZ_26_nk_beltpole01A, -116.769, 6.0, -64.44500000000001, 0.0, 2.38419e-07, 0.0, 1.0, -0.01, 0.01, 0.01
Object, OZ_26_nk_beltpole01A, -116.77, 6.0, -62.622299999999996, 0.0, 2.38419e-07, 0.0, 1.0, -0.01, 0.01, 0.01
Object, OZ_26_nk_beltpole01A, -115.611, 6.0, -65.9696, 0.0, -0.325568, 0.0, 0.945519, -0.01, 0.01, 0.01
Object, OZ_26_nk_beltpole01A, -122.019, 6.0, -12.4696, 0.0, -0.284015, 0.0, 0.95882, -0.01, 0.01, 0.01
Object, OZ_26_nk_beltpole01A, -120.92399999999999, 6.0, -14.153900000000002, 0.0, -0.284015, 0.0, 0.95882, -0.01, 0.01, 0.01
Object, OZ_26_nk_beltpole01A, -85.6333, 6.0, -8.62387, 0.0, 1.0, 0.0, -2.07027e-06, -0.01, 0.01, 0.01
Object, OZ_26_nk_beltpole01A, -85.6328, 6.0, -10.6326, 0.0, 1.0, 0.0, -2.07027e-06, -0.01, 0.01, 0.01
Object, OZ_26_nk_beltpole01A, -85.6324, 6.0, -12.638499999999999, 0.0, 1.0, 0.0, -2.07027e-06, -0.01, 0.01, 0.01
Object, OZ_26_nk_beltpole01A, -85.63170000000001, 6.0, -14.6472, 0.0, 1.0, 0.0, -2.07027e-06, -0.01, 0.01, 0.01
Object, OZ_26_nk_beltpole01A, -85.66850000000001, 6.0, -4.59781, 0.0, 1.0, 0.0, -2.07027e-06, -0.01, 0.01, 0.01
Object, OZ_26_nk_beltpole01A, -85.6681, 6.0, -6.60375, 0.0, 1.0, 0.0, -2.07027e-06, -0.01, 0.01, 0.01
Object, OZ_26_nk_beltpole01A, -85.5623, 6.0, -2.7064100000000004, 0.0, 1.0, 0.0, -2.07027e-06, -0.01, 0.01, 0.01
Object, OZ_26_nk_beltpole01A, -85.56290000000001, 6.0, -0.697695, 0.0, 1.0, 0.0, -2.07027e-06, -0.01, 0.01, 0.01
Object, OZ_26_nk_beltpole01A, -112.469, 6.0, 10.1849, 0.0, 0.707107, 0.0, 0.707107, -0.01, 0.01, 0.01
Object, OZ_26_nk_beltpole01A, -114.478, 6.0, 10.1843, 0.0, 0.707107, 0.0, 0.707107, -0.01, 0.01, 0.01
Object, OZ_26_nk_beltpole01A, -60.7738, 0.0, -123.64, 0.0, 0.999848, 0.0, -0.0174543, -0.01, 0.01, 0.01
Object, OZ_26_nk_beltpole01A, -60.7042, 0.0, -122.32100000000001, 0.0, 0.999848, 0.0, -0.0174543, -0.01, 0.01, 0.01
Object, OZ_26_nk_beltpole01A, -60.6347, 0.0, -120.314, 0.0, 0.999848, 0.0, -0.0174543, -0.01, 0.01, 0.01
Object, OZ_26_nk_beltpole01A, -60.8433, 0.0, -125.648, 0.0, 0.999848, 0.0, -0.0174543, -0.01, 0.01, 0.01
Object, OZ_26_nk_beltpole01A, -78.30290000000001, 0.0227832, -172.51700000000002, 0.0, 0.97237, 0.0, -0.233445, -0.01, 0.01, 0.01
Object, OZ_26_nk_beltpole01A, -79.1288, 0.0227832, -174.138, 0.0, 0.97237, 0.0, -0.233445, -0.01, 0.01, 0.01
Object, OZ_26_nk_beltpole01A, -79.4636, 0.0227832, -159.485, 0.0, 0.909961, 0.0, 0.414695, -0.01, 0.01, 0.01
Object, OZ_26_nk_beltpole01A, -78.09100000000001, 0.0227832, -160.678, 0.0, 0.909961, 0.0, 0.414695, -0.01, 0.01, 0.01
Object, OZ_26_nk_beltpole01A, -126.617, 0.0, -104.294, 0.0, 2.38419e-07, 0.0, 1.0, -0.01, 0.01, 0.01
Object, OZ_26_nk_beltpole01A, -126.617, 0.0, -106.3, 0.0, 2.38419e-07, 0.0, 1.0, -0.01, 0.01, 0.01
Object, OZ_26_nk_beltpole01A, -126.618, 0.0, -102.285, 0.0, 2.38419e-07, 0.0, 1.0, -0.01, 0.01, 0.01
Object, OZ_26_nk_beltpole01A, -126.616, 0.0, -108.23700000000001, 0.0, 2.38419e-07, 0.0, 1.0, -0.01, 0.01, 0.01
Object, OZ_26_nk_beltpole01A, -126.617, 0.0, -100.27700000000002, 0.0, 2.38419e-07, 0.0, 1.0, -0.01, 0.01, 0.01
Object, OZ_26_nk_beltpole01A, -126.618, 0.0, -98.26790000000001, 0.0, 2.38419e-07, 0.0, 1.0, -0.01, 0.01, 0.01
Object, OZ_26_nk_beltpole01A, -126.618, 0.0, -96.2552, 0.0, 2.38419e-07, 0.0, 1.0, -0.01, 0.01, 0.01
Object, OZ_26_nk_beltpole01A, -126.619, 0.0, -92.2224, 0.0, 2.38419e-07, 0.0, 1.0, -0.01, 0.01, 0.01
Object, OZ_26_nk_beltpole01A, -126.618, 0.0, -94.2407, 0.0, 2.38419e-07, 0.0, 1.0, -0.01, 0.01, 0.01
Object, OZ_26_nk_beltpole01A, -126.617, 0.0, -110.07000000000001, 0.0, 2.38419e-07, 0.0, 1.0, -0.01, 0.01, 0.01
Object, OZ_26_nk_beltpole01A, -126.617, 0.0, -111.906, 0.0, 2.38419e-07, 0.0, 1.0, -0.01, 0.01, 0.01
Object, OZ_26_nk_beltpole01A, -126.616, 0.0, -113.742, 0.0, 2.38419e-07, 0.0, 1.0, -0.01, 0.01, 0.01
Object, OZ_29_er_O07A, -16.345, 0.0, -231.99900000000002, 0.0, 0.0, 0.0, 1.0, -0.01, 0.01, 0.01
Object, OZ_29_hi_C01A, -138.963, 0.0, -87.24959999999999, 0.0, 0.0, 0.0, 1.0, -0.01, 0.01, 0.01
Object, OZ_29_kn_nwedays01A, -97.7754, 0.0, -155.246, 0.0, 0.0, 0.0, 1.0, -0.01, 0.01, 0.01
Object, OZ_29_kn_station01A, -73.046, 0.0, -152.92600000000002, 0.0, 0.0, 0.0, 1.0, -0.01, 0.01, 0.01
Object, OZ_29_kn_station02A, -42.6991, 0.0, -134.029, 0.0, 0.0174523, 0.0, 0.999848, -0.01, 0.01, 0.01
Object, OZ_29_kn_station03A, -54.296400000000006, 6.878150000000001, -128.781, 0.0, 0.0174523, 0.0, 0.999848, -0.01, 0.01, 0.01
Object, OZ_29_kn_station03B, -40.705, 6.878150000000001, -129.255, 0.0, 0.0174523, 0.0, 0.999848, -0.01, 0.01, 0.01
Object, OZ_29_kn_station04A, -48.927200000000006, 0.0, -144.298, 0.0, 0.0174523, 0.0, 0.999848, -0.01, 0.01, 0.01
Object, OZ_29_kn_station04B, -46.8005, 0.0, -100.145, 0.0, 0.0174523, 0.0, 0.999848, -0.01, 0.01, 0.01
Object, OZ_29_kn_station04C, -45.2579, 0.0, -55.972100000000005, 0.0, 0.0174523, 0.0, 0.999848, -0.01, 0.01, 0.01
Object, OZ_29_kn_station04D, -43.467299999999994, 0.0, -11.8077, 0.0, 0.0174523, 0.0, 0.999848, -0.01, 0.01, 0.01
Object, OZ_29_kn_station04F, -49.3994, -0.12200200000000001, -183.385, 0.0, 0.0174523, 0.0, 0.999848, -0.0085, 0.01, 0.0085
Object, OZ_29_kn_station04G, -40.4735, 0.0, 32.3147, 0.0, 0.0174523, 0.0, 0.999848, -0.01, 0.01, 0.01
Object, OZ_29_kn_station04G, -38.9288, 0.0, 76.4877, 0.0, 0.0174523, 0.0, 0.999848, -0.01, 0.01, 0.01
Object, OZ_29_kn_station04G, -37.384, 0.0, 120.661, 0.0, 0.0174523, 0.0, 0.999848, -0.01, 0.01, 0.01
Object, OZ_29_kn_station05A, -60.2646, 6.87812, -112.389, 0.0, 0.0174523, 0.0, 0.999848, -0.01, 0.01, 0.01
Object, OZ_29_kn_station05B, -59.531400000000005, 6.87812, -91.1426, 0.0, 0.0174523, 0.0, 0.999848, -0.01, 0.01, 0.01
Object, OZ_29_kn_station05B, -58.7898, 6.87812, -69.9055, 0.0, 0.0174523, 0.0, 0.999848, -0.01, 0.01, 0.01
Object, OZ_29_kn_station05C, -57.106700000000004, 6.878150000000001, -48.743900000000004, 0.0, 0.0174523, 0.0, 0.999848, -0.01, 0.01, 0.01
Object, OZ_29_kn_station05D, -54.08, 6.878150000000001, -27.5866, 0.0, 0.0174523, 0.0, 0.999848, -0.01, 0.01, 0.01
Object, OZ_29_kn_station05E, -50.950500000000005, 6.878150000000001, -6.43297, 0.0, 0.0174523, 0.0, 0.999848, -0.01, 0.01, 0.01
Object, OZ_29_kn_station05F, -49.2668, 6.878150000000001, 14.771199999999999, 0.0, 0.0174523, 0.0, 0.999848, -0.01, 0.01, 0.01
Object, OZ_29_kn_station05F, -48.525200000000005, 6.878150000000001, 36.0082, 0.0, 0.0174523, 0.0, 0.999848, -0.01, 0.01, 0.01
Object, OZ_29_kn_station05F, -47.7836, 6.878150000000001, 57.2453, 0.0, 0.0174523, 0.0, 0.999848, -0.01, 0.01, 0.01
Object, OZ_29_kn_station05F, -47.0419, 6.878150000000001, 78.4823, 0.0, 0.0174523, 0.0, 0.999848, -0.01, 0.01, 0.01
Object, OZ_29_kn_station05F, -46.3003, 6.878150000000001, 99.71940000000001, 0.0, 0.0174523, 0.0, 0.999848, -0.01, 0.01, 0.01
Object, OZ_29_kn_station05F, -45.5587, 6.878150000000001, 120.956, 0.0, 0.0174523, 0.0, 0.999848, -0.01, 0.01, 0.01
Object, OZ_29_kn_station05F, -44.8171, 6.878150000000001, 142.194, 0.0, 0.0174523, 0.0, 0.999848, -0.01, 0.01, 0.01
Object, OZ_29_kn_station06A, -61.0012, 12.6782, -133.787, 0.0, 0.0174523, 0.0, 0.999848, -0.01, 0.01, 0.01
Object, OZ_29_kn_station06B, -58.6924, 14.078199999999999, -80.71050000000001, 0.0, 0.0174523, 0.0, 0.999848, -0.01, 0.01, 0.01
Object, OZ_29_kn_station06C, -52.8262, 14.5032, -6.49504, 0.0, 0.0174523, 0.0, 0.999848, -0.01, 0.01, 0.01
Object, OZ_29_kn_station06E, -48.156400000000005, 14.5032, 46.499300000000005, 0.0, 0.0174523, 0.0, 0.999848, -0.01, 0.01, 0.01
Object, OZ_29_kn_station06E, -47.4148, 14.5032, 67.7363, 0.0, 0.0174523, 0.0, 0.999848, -0.01, 0.01, 0.01
Object, OZ_29_kn_station06E, -45.931599999999996, 14.5032, 110.21000000000001, 0.0, 0.0174523, 0.0, 0.999848, -0.01, 0.01, 0.01
Object, OZ_29_kn_station06E, -46.6732, 14.5032, 88.9734, 0.0, 0.0174523, 0.0, 0.999848, -0.01, 0.01, 0.01
Object, OZ_29_kn_station06E, -45.19, 14.5032, 131.447, 0.0, 0.0174523, 0.0, 0.999848, -0.01, 0.01, 0.01
Object, OZ_29_kn_station07A, -57.7404, 0.0, -125.598, 0.0, 0.0174523, 0.0, 0.999848, -0.01, 0.01, 0.01
Object, OZ_29_kn_station07A, -56.0818, 0.0, -78.10180000000001, 0.0, 0.0174523, 0.0, 0.999848, -0.01, 0.01, 0.01
Object, OZ_29_kn_station07A, -55.7852, 0.0, -69.607, 0.0, 0.0174523, 0.0, 0.999848, -0.01, 0.01, 0.01
Object, OZ_29_kn_station07A, -48.936800000000005, 0.0, -12.677000000000001, 0.0, 0.0697566, 0.0, 0.997564, -0.01, 0.01, 0.01
Object, OZ_29_kn_station07A, -55.2066, 0.0, -58.29520000000001, 0.0, 0.0436194, 0.0, 0.999048, -0.01, 0.01, 0.01
Object, OZ_29_kn_station07A, -47.4828, 0.0, -1.7739500000000001, 0.0, 0.0697566, 0.0, 0.997564, -0.01, 0.01, 0.01
Object, OZ_29_kn_station07A, -46.281499999999994, 0.0, 8.77699, 0.0, 0.0174523, 0.0, 0.999848, -0.01, 0.01, 0.01
Object, OZ_29_kn_station07A, -45.9859, 0.0, 19.3827, 0.0, 0.0174523, 0.0, 0.999848, -0.01, 0.01, 0.01
Object, OZ_29_kn_station07A, -45.2851, 0.0, 40.865500000000004, 0.0, 0.0174523, 0.0, 0.999848, -0.01, 0.01, 0.01
Object, OZ_29_kn_station07A, -45.6978, 0.0, 30.259800000000002, 0.0, 0.0174523, 0.0, 0.999848, -0.01, 0.01, 0.01
Object, OZ_29_kn_station07A, -43.7791, 0.0, 83.0609, 0.0, 0.0174523, 0.0, 0.999848, -0.01, 0.01, 0.01
Object, OZ_29_kn_station07A, -44.1529, 0.0, 72.4551, 0.0, 0.0174523, 0.0, 0.999848, -0.01, 0.01, 0.01
Object, OZ_29_kn_station07A, -44.5185, 0.0, 61.578, 0.0, 0.0174523, 0.0, 0.999848, -0.01, 0.01, 0.01
Object, OZ_29_kn_station07A, -44.910500000000006, 0.0, 50.9723, 0.0, 0.0174523, 0.0, 0.999848, -0.01, 0.01, 0.01
Object, OZ_29_kn_station07A, -42.3034, 0.0, 125.486, 0.0, 0.0174523, 0.0, 0.999848, -0.01, 0.01, 0.01
Object, OZ_29_kn_station07A, -42.6962, 0.0, 114.881, 0.0, 0.0174523, 0.0, 0.999848, -0.01, 0.01, 0.01
Object, OZ_29_kn_station07A, -43.023199999999996, 0.0, 104.004, 0.0, 0.0174523, 0.0, 0.999848, -0.01, 0.01, 0.01
Object, OZ_29_kn_station07A, -43.435900000000004, 0.0, 93.3979, 0.0, 0.0174523, 0.0, 0.999848, -0.01, 0.01, 0.01
Object, OZ_29_kn_station07A, -41.919, 0.0, 136.169, 0.0, 0.0174523, 0.0, 0.999848, -0.01, 0.01, 0.01
Object, OZ_29_kn_station08A, -50.1704, 0.0, -50.3078, 0.0, 0.0436194, 0.0, 0.999048, -0.01, 0.01, 0.01
Object, OZ_29_kn_station08A, -45.963100000000004, 0.0, -21.5335, 0.0, 0.0784591, 0.0, 0.996917, -0.00999999, 0.01, 0.00999999
Object, OZ_29_kn_station08A, -46.9098, 0.0, -27.5607, 0.0, 0.0784591, 0.0, 0.996917, -0.00999999, 0.01, 0.00999999
Object, OZ_29_kn_station08A, -49.7659, 0.0, -45.5282, 0.0, 0.0436194, 0.0, 0.999048, -0.01, 0.01, 0.01
Object, OZ_29_kn_train01A, -50.9305, 7.2, -166.71900000000002, 0.0, 0.0174523, 0.0, 0.999848, -0.01, 0.01, 0.01
Object, OZ_29_kn_train01A, -46.015699999999995, 7.2, -146.029, 0.0, 0.0174523, 0.0, 0.999848, -0.01, 0.01, 0.01
Object, OZ_29_kn_train01B, -60.252, 7.2, -164.28099999999998, 0.0, 0.0174523, 0.0, 0.999848, -0.01, 0.01, 0.01
Object, OZ_29_kn_train01B, -36.457300000000004, 7.2, -141.539, 0.0, 0.0174523, 0.0, 0.999848, -0.01, 0.01, 0.01
Object, OZ_29_ks_C02A, -117.772, 0.0, -135.19, 0.0, 0.0, 0.0, 1.0, -0.01, 0.01, 0.01
Object, OZ_29_ks_G03A, -160.576, 0.0, 25.850500000000004, 0.0, 0.0, 0.0, 1.0, -0.01, 0.01, 0.01
Object, OZ_29_ks_G04A, -161.94299999999998, 0.0, 31.791, 0.0, 0.0, 0.0, 1.0, -0.01, 0.01, 0.01
Object, OZ_29_ks_G05A, -161.17100000000002, 0.0, 38.5005, 0.0, 0.0, 0.0, 1.0, -0.01, 0.01, 0.01
Object, OZ_29_ks_G06A, -184.91299999999998, 0.0, 34.5343, 0.0, 0.0, 0.0, 1.0, -0.01, 0.01, 0.01
Object, OZ_29_ks_G07A, -181.602, 0.0, 18.0752, 0.0, 0.0, 0.0, 1.0, -0.01, 0.01, 0.01
Object, OZ_29_ks_G08A, -193.109, 0.0, 19.541500000000003, 0.0, 0.0, 0.0, 1.0, -0.01, 0.01, 0.01
Object, OZ_29_ks_H01A, -184.243, 0.0, 59.8947, 0.0, 0.0, 0.0, 1.0, -0.01, 0.01, 0.01
Object, OZ_29_ks_H03A, -163.528, 0.0, 50.773, 0.0, 0.0, 0.0, 1.0, -0.01, 0.01, 0.01
Object, OZ_29_ks_H04A, -164.293, 0.0, 56.695100000000004, 0.0, 0.0, 0.0, 1.0, -0.01, 0.01, 0.01
Object, OZ_29_ks_H05A, -164.11900000000003, 0.0, 60.5404, 0.0, 0.0, 0.0, 1.0, -0.01, 0.01, 0.01
Object, OZ_29_ks_H06A, -162.624, 0.0, 65.685, 0.0, 0.0, 0.0, 1.0, -0.01, 0.01, 0.01
Object, OZ_29_ks_H07A, -178.07500000000002, 0.0, 72.58500000000001, 0.0, 0.0, 0.0, 1.0, -0.01, 0.01, 0.01
Object, OZ_29_ks_H08A, -186.967, 0.0, 78.117, 0.0, 0.0, 0.0, 1.0, -0.01, 0.01, 0.01
Object, OZ_29_ks_H09A, -167.231, 0.0, 84.65209999999999, 0.0, 0.0, 0.0, 1.0, -0.01, 0.01, 0.01
Object, OZ_29_ks_O02A, -186.558, -29.484, -110.764, 0.0, 0.707107, 0.0, 0.707107, -0.01, 0.01, 0.01
Object, OZ_29_ma_C03A, -186.183, 0.0, -53.3485, 0.0, -0.707107, 0.0, 0.707107, -0.01, 0.01, 0.01
Object, OZ_29_ma_C04A, -186.17700000000002, 0.0, -69.1444, 0.0, -0.707107, 0.0, 0.707107, -0.01, 0.01, 0.01
Object, OZ_29_mi_A07A, -98.3081, 0.000200195, -242.135, 0.0, -0.0436193, 0.0, 0.999048, -0.01, 0.01, 0.01
Object, OZ_29_mi_B03A, -171.136, -0.121851, -160.684, 0.0, 0.0, 0.0, 1.0, -0.01, 0.01, 0.01
Object, OZ_29_mi_C05A, -183.948, 0.0, -140.722, 0.0, 0.0, 0.0, 1.0, -0.01, 0.01, 0.01
Object, OZ_29_mi_C06A, -132.512, 0.0, -144.264, 0.0, 0.0, 0.0, 1.0, -0.01, 0.01, 0.01
Object, OZ_29_mi_C08A, -143.669, 0.0, -141.975, 0.0, 0.0, 0.0, 1.0, -0.01, 0.01, 0.01
Object, OZ_29_mi_C08A, -134.123, 0.0, -125.581, 0.0, -0.707107, 0.0, 0.707107, -0.01, 0.01, 0.01
Object, OZ_29_mi_C08A, -145.945, 0.0, -125.581, 0.0, -0.707107, 0.0, 0.707107, -0.01, 0.01, 0.01
Object, OZ_29_mi_E01A, -225.658, 0.0, -132.64600000000002, 0.0, 0.707107, 0.0, 0.707107, -0.01, 0.01, 0.01
Object, OZ_29_mi_G01A, -178.792, 0.0, -14.226500000000001, 0.0, 0.0, 0.0, 1.0, -0.01, 0.01, 0.01
Object, OZ_29_mi_H02A, -177.861, 0.0, 96.3959, 0.0, 0.0, 0.0, 1.0, -0.01, 0.01, 0.01
Object, OZ_29_mi_K01A, -83.404, 0.0, -266.603, 0.0, -0.0436193, 0.0, 0.999048, -0.01, 0.01, 0.01
Object, OZ_29_nk_A01A, -100.97200000000001, 0.025, -219.725, 0.0, -0.0348994, 0.0, 0.999391, -0.01, 0.01, 0.01
Object, OZ_29_nk_A02A, -115.01200000000001, 0.025, -223.437, 0.0, -0.0348994, 0.0, 0.999391, -0.01, 0.01, 0.01
Object, OZ_29_nk_A05A, -141.73700000000002, 0.025, -233.085, 0.0, -0.0348994, 0.0, 0.999391, -0.01, 0.01, 0.01
Object, OZ_29_nk_A06A, -99.4597, 0.000175781, -233.273, 0.0, -0.0348994, 0.0, 0.999391, -0.01, 0.01, 0.01
Object, OZ_29_nk_B01A, -158.873, 0.0, -188.106, 0.0, -0.0436193, 0.0, 0.999048, -0.01, 0.01, 0.01
Object, OZ_29_nk_B02A, -179.885, 0.0, -190.472, 0.0, -0.0436193, 0.0, 0.999048, -0.01, 0.01, 0.01
Object, OZ_29_nk_L01A, -108.721, 0.0, 66.8169, 0.0, 0.0, 0.0, 1.0, -0.01, 0.01, 0.01
Object, OZ_29_nk_L01B, -88.04469999999999, 4.88281e-06, -106.236, 0.0, 0.0, 0.0, 1.0, -0.01, 0.01, 0.01
Object, OZ_29_nk_L01C, -102.486, 0.0, -74.6612, 0.0, 0.0, 0.0, 1.0, -0.01, 0.01, 0.01
Object, OZ_29_nk_L01D, -102.768, 0.0, -40.233000000000004, 0.0, 0.0, 0.0, 1.0, -0.01, 0.01, 0.01
Object, OZ_29_nk_L01E, -95.47670000000001, 0.0, 56.9574, 0.0, 0.0, 0.0, 1.0, -0.01, 0.01, 0.01
Object, OZ_29_nk_L01F, -87.3785, 0.0, -13.5473, 0.0, 0.0, 0.0, 1.0, -0.01, 0.01, 0.01
Object, OZ_29_nk_L01G, -61.01390000000001, 0.0, -0.23496099999999998, 0.0, 0.0, 0.0, 1.0, -0.01, 0.01, 0.01
Object, OZ_29_nk_L01H, -54.5969, 0.0, -0.37777299999999997, 0.0, 0.0, 0.0, 1.0, -0.01, 0.01, 0.01
Object, OZ_29_nk_L01I, -74.4056, 0.0, -1.49457, 0.0, 0.0, 0.0, 1.0, -0.01, 0.01, 0.01
Object, OZ_29_nk_L01J, -74.4056, 0.0, 9.40641, 0.0, 0.0, 0.0, 1.0, -0.01, 0.01, 0.01
Object, OZ_29_nk_L01J, -74.4056, 0.000766602, 23.406399999999998, 0.0, 0.0, 0.0, 1.0, -0.01, 0.01, 0.01
Object, OZ_29_nk_L01J, -74.4056, 0.0023291, 51.406400000000005, 0.0, 0.0, 0.0, 1.0, -0.01, 0.01, 0.01
Object, OZ_29_nk_L01J, -74.4056, 0.0015478500000000001, 37.4064, 0.0, 0.0, 0.0, 1.0, -0.01, 0.01, 0.01
Object, OZ_29_nk_L01J, -74.4056, 0.0054248, 107.406, 0.0, 0.0, 0.0, 1.0, -0.01, 0.01, 0.01
Object, OZ_29_nk_L01J, -74.4056, 0.004643550000000001, 93.40629999999999, 0.0, 0.0, 0.0, 1.0, -0.01, 0.01, 0.01
Object, OZ_29_nk_L01J, -74.4056, 0.0038623000000000004, 79.4063, 0.0, 0.0, 0.0, 1.0, -0.01, 0.01, 0.01
Object, OZ_29_nk_L01J, -74.4056, 0.0030957000000000003, 65.4064, 0.0, 0.0, 0.0, 1.0, -0.01, 0.01, 0.01
Object, OZ_29_nk_L01J, -74.4056, 0.006958010000000001, 135.406, 0.0, 0.0, 0.0, 1.0, -0.01, 0.01, 0.01
Object, OZ_29_nk_L01J, -74.4056, 0.0061914100000000005, 121.406, 0.0, 0.0, 0.0, 1.0, -0.01, 0.01, 0.01
Object, OZ_29_nk_L01K, -129.115, 0.0, 12.880899999999999, 0.0, 0.0, 0.0, 1.0, -0.01, 0.01, 0.01
Object, OZ_29_nk_L01L, -138.373, 0.0, 54.4066, 0.0, 0.0, 0.0, 1.0, -0.01, 0.01, 0.01
Object, OZ_29_nk_L01M, -118.55799999999999, 0.0, 44.206700000000005, 0.0, 0.0, 0.0, 1.0, -0.01, 0.01, 0.01
Object, OZ_29_nk_L01N, -131.92700000000002, 0.0, 84.963, 0.0, 0.0, 0.0, 1.0, -0.01, 0.01, 0.01
Object, OZ_29_nk_L01O, -89.79870000000001, 0.0, 38.9608, 0.0, 0.0, 0.0, 1.0, -0.01, 0.01, 0.01
Object, OZ_29_nk_L01P, -116.805, 0.0, 27.156599999999997, 0.0, 0.0, 0.0, 1.0, -0.01, 0.01, 0.01
Object, OZ_29_nk_L01Q, -133.901, 0.0, 24.4889, 0.0, 0.0, 0.0, 1.0, -0.01, 0.01, 0.01
Object, OZ_29_nk_L01R, -123.568, 9.76563e-06, -16.6847, 0.0, 0.0, 0.0, 1.0, -0.01, 0.01, 0.01
Object, OZ_29_nk_L01S, -126.943, 9.76563e-06, -18.9766, 0.0, 0.0, 0.0, 1.0, -0.01, 0.01, 0.01
Object, OZ_29_nk_station01A, -83.6157, 0.025, -170.385, 0.0, 0.0, 0.0, 1.0, -0.01, 0.01, 0.01
Object, OZ_29_nk_station01B, -67.8141, 0.0, -220.949, 0.0, 0.0, 0.0, 1.0, -0.01, 0.01, 0.01
Object, OZ_29_se_G02A, -165.28099999999998, 0.0, 17.4419, 0.0, 0.0, 0.0, 1.0, -0.01, 0.01, 0.01
Object, OZ_29_se_N01A, -163.965, 0.0, 137.92000000000002, 0.0, 0.0, 0.0, 1.0, -0.01, 0.01, 0.01
Object, OZ_90_er_frame01A, -108.721, 15.1577, -9.135159999999999, 0.0, 0.0, 0.0, 1.0, -0.01, 0.01, 0.01
Object, OZ_99_hi_shadow01A, -30.901799999999998, -0.06572750000000001, 111.59299999999999, 0.0, 0.0, 0.0, 1.0, -0.01, 0.01, 0.01
Object, OZ_29_nk_station02B, -300.798, -0.17101400000000003, -172.938, 0.0, 0.0, 0.0, 1.0, -0.01, 0.01, 0.01
Object, OZ_29_nk_station02B, -340.79800000000006, -0.171019, -172.938, 0.0, 0.0, 0.0, 1.0, -0.01, 0.01, 0.01
Object, OZ_29_nk_station02B, -380.79800000000006, -0.17102, -172.938, 0.0, 0.0, 0.0, 1.0, -0.01, 0.01, 0.01
Object, OZ_29_nk_station02B, -460.79800000000006, -0.17102599999999998, -172.938, 0.0, 0.0, 0.0, 1.0, -0.01, 0.01, 0.01
Object, OZ_29_nk_station02B, -420.79800000000006, -0.17102499999999998, -172.938, 0.0, 0.0, 0.0, 1.0, -0.01, 0.01, 0.01
Object, OZ_29_nk_station02A, -192.87900000000002, -0.171011, -172.938, 0.0, 0.0, 0.0, 1.0, -0.01, 0.01, 0.01
Object, OZ_29_nk_station02B, -260.798, -0.171011, -172.938, 0.0, 0.0, 0.0, 1.0, -0.01, 0.01, 0.01
Object, OZ_29_er_O05B, 28.655700000000003, 0.0, 185.192, 0.0, 0.019782, 0.0, 0.999804, -0.00999999, 0.01, 0.00999999
Object, OZ_29_se_pipe01A, -72.88600000000001, 0.0, 103.204, 0.0, 0.0, 0.0, 1.0, -0.01, 0.01, 0.01
Object, OZ_29_ks_O01B, 26.3833, 0.0, 63.5574, 0.0, 0.019782, 0.0, 0.999804, -0.00999999, 0.01, 0.00999999
Object, OZ_29_se_L03A, -116.963, 0.0, 169.74900000000002, 0.0, 0.0, 0.0, 1.0, -0.01, 0.01, 0.01
Object, OZ_29_se_K02A, 43.3125, 0.0, -224.525, 0.0, 0.0, 0.0, 1.0, -0.01, 0.01, 0.01
Object, OZ_29_er_O06B, 26.8185, 0.0, 141.484, 0.0, 0.019782, 0.0, 0.999804, -0.00999999, 0.01, 0.00999999
Object, OZ_29_se_board01A, -60.0296, 7.0647, -96.1258, 0.0, 0.71934, 0.0, 0.694658, -0.01, 0.01, 0.01
Object, OZ_29_ks_O04B, 145.524, 0.0, -85.40379999999999, 0.0, 0.0, 0.0, 1.0, -0.01, 0.01, 0.01
Object, OZ_29_ks_O03B, 53.318400000000004, 0.0, 6.95472, 0.0, 0.0291952, 0.0, 0.999574, -0.01, 0.01, 0.01
Object, OZ_29_ks_O02B, 36.8907, 0.0, -62.7663, 0.0, 0.0, 0.0, 1.0, -0.01, 0.01, 0.01
Object, OZ_29_se_I01A, -370.43800000000005, 0.0, -29.4886, 0.0, 0.0, 0.0, 1.0, -0.01, 0.01, 0.01
Object, OZ_29_se_L04A, -83.3065, 0.0, 177.74900000000002, 0.0, -0.707107, 0.0, 0.707107, -0.01, 0.01, 0.01
Object, OZ_29_ma_L02B, -55.7292, 0.0, 253.70200000000003, 0.0, 0.0, 0.0, 1.0, -0.01, 0.01, 0.01
Object, OZ_20_se_box01A, -102.0, 0.0, -132.0, 0.0, 0.0, 0.0, 1.0, -0.01, 0.01, 0.01
Effects, 03_103_00, -55.8693, 5.440270000000001, -28.8198, 0.0, 0.694658, 0.0, 0.71934, -0.01, 0.01, 0.01
Effects, 03_103_01, -77.9556, 5.5627200000000006, -30.870900000000002, 0.0, 0.0, 0.0, 1.0, -0.01, 0.01, 0.01
Effects, 03_104_00, -69.2333, 5.5627200000000006, -56.1286, 0.0, -0.406737, 0.0, 0.913545, -0.01, 0.01, 0.01
Effects, 03_104_00, -68.4637, 5.5627200000000006, -23.7287, 0.0, -0.707107, 0.0, 0.707107, -0.01, 0.01, 0.01
Effects, 03_105_00, -77.9556, 4.0, -30.870900000000002, 0.0, 0.0, 0.0, 1.0, -0.01, 0.01, 0.01
Effects, 03_105_00, -60.1644, 4.0, -49.9179, 0.0, 0.707107, 0.0, 0.707107, -0.01, 0.01, 0.01
Effects, 03_105_00, -68.4637, 4.0, -23.7287, 0.0, -0.707107, 0.0, 0.707107, -0.01, 0.01, 0.01
Effects, 03_106_00, -77.9556, 4.0, -43.9397, 0.0, 1.0, 0.0, 5.52335e-07, -0.01, 0.01, 0.01
Effects, 03_106_01, -75.5796, 4.0, -49.9179, 0.0, -0.707107, 0.0, 0.707107, -0.01, 0.01, 0.01
Effects, 03_106_01, -57.8984, 4.0, -23.7287, 0.0, 0.707107, 0.0, 0.707107, -0.01, 0.01, 0.01
Distant, OZ_09_ma_enkei02A, -476.04, -0.413311, -256.884, 0.0, 0.707107, 0.0, 0.707107, -0.0194389, 0.0142417, 0.00780899
Distant, OZ_09_ma_enkei02A, 154.804, -0.211006, 132.993, 0.0, -0.707107, 0.0, 0.707107, -0.0194389, 0.0142417, 0.00780899
Distant, OZ_09_ma_enkei02A, -33.0677, -0.72002, 468.601, 0.0, 1.0, 0.0, 0.0, -0.0194389, 0.0142417, 0.00780899
